사업번호,사업명,시작연도,종료연도,사업개요서링크
2025-00066,"스리랑카 시기리야 세계유산의 역사관광 자원화를 위한 복원 및 환경 개선 사업('25-'29/1,000만불)",2025,2029,https://www.oda.go.kr/opo/bsin/bsnsSumryDocDetail.do?P_BSNS_NO=2025-00066
2024-00144,튀니지 전자참여 확대 및 부패방지를 위한 시스템(국민신문고) 고도화 사업('24-'28/600만불),2024,2028,https://www.oda.go.kr/opo/bsin/bsnsSumryDocDetail.do?P_BSNS_NO=2024-00144
2024-00138,우즈베키스탄 지질재해와 지질자원 통합관리시스템 구축사업('24-'29/700만불),2024,2029,https://www.oda.go.kr/opo/bsin/bsnsSumryDocDetail.do?P_BSNS_NO=2024-00138
2024-00133,"몽골 날라흐구 폐광산지역 지속가능한 생태환경 조성을 통한 녹색 산업 혁신 생태계 구축사업('24-'29/1,000만불)",2024,2029,https://www.oda.go.kr/opo/bsin/bsnsSumryDocDetail.do?P_BSNS_NO=2024-00133
2024-00115,"키르기스스탄 그린모빌리티 실현을 위한 공공기관 전기차 전환사업 ('24-'27/1,100만불)",2024,2027,https://www.oda.go.kr/opo/bsin/bsnsSumryDocDetail.do?P_BSNS_NO=2024-00115
2024-00105,키르기스스탄 디지털 전환을 위한 국가 정보화 역량 강화 사업('24-'27/700만불),2024,2027,https://www.oda.go.kr/opo/bsin/bsnsSumryDocDetail.do?P_BSNS_NO=2024-00105
2024-00096,네팔 버르디야 지역 포용적 농촌공동체 개발사업('24-'29/800만불),2024,2029,https://www.oda.go.kr/opo/bsin/bsnsSumryDocDetail.do?P_BSNS_NO=2024-00096
2024-00089,DR콩고 북카탕가주 감염병 감시 역량 강화사업('24-'27/600만불),2024,2027,https://www.oda.go.kr/opo/bsin/bsnsSumryDocDetail.do?P_BSNS_NO=2024-00089
2024-00053,네팔 Province4 직업교육학교 건립사업('24-'30/900만불),2024,2030,https://www.oda.go.kr/opo/bsin/bsnsSumryDocDetail.do?P_BSNS_NO=2024-00053
2024-00029,"코트디부아르 지역균형발전을 위한 중부지역 직업전문학교 역량강화사업('24-'29/1,100만불)",2024,2029,https://www.oda.go.kr/opo/bsin/bsnsSumryDocDetail.do?P_BSNS_NO=2024-00029
2024-00019,세네갈 중부지역 모자보건체계 강화사업 2단계('24-'28/1250만불),2024,2028,https://www.oda.go.kr/opo/bsin/bsnsSumryDocDetail.do?P_BSNS_NO=2024-00019
2024-00017,"몽골 울란바토르시 어린이 교통안전을 위한 스쿨존 시범설치 및 역량강화사업('24-'28/1,000만불)",2024,2028,https://www.oda.go.kr/opo/bsin/bsnsSumryDocDetail.do?P_BSNS_NO=2024-00017
2024-00015,"캄보디아 당까오 후송병원 공공의료서비스 개선사업('24-'29/1,100만불)",2024,2029,https://www.oda.go.kr/opo/bsin/bsnsSumryDocDetail.do?P_BSNS_NO=2024-00015
2024-00012,르완다 통합적 일자리 정보체계 구축사업('24-'28/650만불),2024,2028,https://www.oda.go.kr/opo/bsin/bsnsSumryDocDetail.do?P_BSNS_NO=2024-00012
2024-00010,나이지리아 스타트업 디지털 이노베이션 아카데미 설립을 통한 청년 및 중소기업 혁신성장 지원사업('24-'28/1200만불),2024,2028,https://www.oda.go.kr/opo/bsin/bsnsSumryDocDetail.do?P_BSNS_NO=2024-00010
2024-00007,이집트 직업훈련원 친환경 자동차 정비기술 고도화 사업('24-'30/1000만불),2024,2030,https://www.oda.go.kr/opo/bsin/bsnsSumryDocDetail.do?P_BSNS_NO=2024-00007
2023-03096,몽골 울란바토르 지속가능한 도시화 및 국토 균형 개발 지원사업('23-'26/570만불),2023,2026,https://www.oda.go.kr/opo/bsin/bsnsSumryDocDetail.do?P_BSNS_NO=2023-03096
2023-00572,라오스 항만 관리 정보화 시스템(Port-MIS) 구축사업('23-'27/425만불),2023,2027,https://www.oda.go.kr/opo/bsin/bsnsSumryDocDetail.do?P_BSNS_NO=2023-00572
2023-00107,"키르기스스탄 국가 에너지시스템 개선을 위한 중앙 집중 AMI 시스템 구축사업('23-'26/1,050만불)",2023,2026,https://www.oda.go.kr/opo/bsin/bsnsSumryDocDetail.do?P_BSNS_NO=2023-00107
2023-00105,우즈베키스탄 타슈켄트주 스마트 기술기반 산림 도시녹화 역량강화사업('23-'28/770만불),2023,2028,https://www.oda.go.kr/opo/bsin/bsnsSumryDocDetail.do?P_BSNS_NO=2023-00105
2023-00100,탄자니아 도도마주 유수율 제고 시범모델 구축 및 상수도 시설 개선사업('23-'26/382만불),2023,2026,https://www.oda.go.kr/opo/bsin/bsnsSumryDocDetail.do?P_BSNS_NO=2023-00100
2023-00098,"몽골 자동차 검사역량 제고 및 시설 개선을 통한 교통안전 강화 사업('23-'27/1,300만불)",2023,2027,https://www.oda.go.kr/opo/bsin/bsnsSumryDocDetail.do?P_BSNS_NO=2023-00098
2023-00095,"우즈베키스탄 열린 의정활동을 위한 상하원 국회 방송시스템 구축 및 지역 의회와의 연계기반 개선 사업(`23-`27/1,395만불)",2023,2027,https://www.oda.go.kr/opo/bsin/bsnsSumryDocDetail.do?P_BSNS_NO=2023-00095
2023-00094,알제리 대기환경 모니터링 시스템 구축 및 대기관리 역량강화사업('23-'27/550만불),2023,2027,https://www.oda.go.kr/opo/bsin/bsnsSumryDocDetail.do?P_BSNS_NO=2023-00094
2023-00091,"타지키스탄 전력소외 지역 전력망 구축 2차 사업('23-'26/1,400만불)",2023,2026,https://www.oda.go.kr/opo/bsin/bsnsSumryDocDetail.do?P_BSNS_NO=2023-00091
2023-00087,"이라크 쿠르드 지역학교 내 난민통합교육 강화사업 ('23-'28/1,200만불)",2023,2028,https://www.oda.go.kr/opo/bsin/bsnsSumryDocDetail.do?P_BSNS_NO=2023-00087
2023-00084,"카메룬 응급의료체계 구축 사업('23-'28/1,400만불)",2023,2028,https://www.oda.go.kr/opo/bsin/bsnsSumryDocDetail.do?P_BSNS_NO=2023-00084
2023-00074,르완다 산업 표준화 ICT 역량 강화를 통한 산업 경쟁력 강화사업('23-'28/700만불),2023,2028,https://www.oda.go.kr/opo/bsin/bsnsSumryDocDetail.do?P_BSNS_NO=2023-00074
2023-00067,코트디부아르 펠릭스 우푸에 부아니대학교 ICT 교육역량 강화 및 ICT 혁신센터 설립 사업('23-'27/995만불),2023,2027,https://www.oda.go.kr/opo/bsin/bsnsSumryDocDetail.do?P_BSNS_NO=2023-00067
2023-00066,코트디부아르 아비장시 아보보 지역 상수급수 연결 사업('23-'26/700만불),2023,2026,https://www.oda.go.kr/opo/bsin/bsnsSumryDocDetail.do?P_BSNS_NO=2023-00066
2023-00061,"세네갈 콜다 주 통합적 접근을 통한 미곡가치사슬 강화사업('23-'28/1,450만불)",2023,2028,https://www.oda.go.kr/opo/bsin/bsnsSumryDocDetail.do?P_BSNS_NO=2023-00061
2023-00059,우즈베키스탄 식물검역행정 역량강화 및 식물검역소 개선사업('23-'27/674만불),2023,2027,https://www.oda.go.kr/opo/bsin/bsnsSumryDocDetail.do?P_BSNS_NO=2023-00059
2023-00057,이집트 한-이집트 기술대학 교육역량 및 산학협력 강화 사업,2023,2028,https://www.oda.go.kr/opo/bsin/bsnsSumryDocDetail.do?P_BSNS_NO=2023-00057
2023-00055,방글라데시 플랫폼 기반의 통계 서비스 역량강화사업('23-'26/965만불),2023,2026,https://www.oda.go.kr/opo/bsin/bsnsSumryDocDetail.do?P_BSNS_NO=2023-00055
2023-00052,네팔 포카라시 리사이클/업사이클 플랫폼 및 친환경 시범마을 구축을 통한 녹색일자리 창출지원사업('23-'29/980만불),2023,2029,https://www.oda.go.kr/opo/bsin/bsnsSumryDocDetail.do?P_BSNS_NO=2023-00052
2023-00033,피지 신재생에너지 확산 및 역량강화사업('23-'26/700만불),2023,2026,https://www.oda.go.kr/opo/bsin/bsnsSumryDocDetail.do?P_BSNS_NO=2023-00033
2023-00032,피지 국립대학교 의과대학 교육 역량강화사업(23-27/977만불),2023,2027,https://www.oda.go.kr/opo/bsin/bsnsSumryDocDetail.do?P_BSNS_NO=2023-00032
2023-00030,키르기스스탄 가축 품종개량 및 인공수정인력 역량강화사업('23-'27/750만불),2023,2027,https://www.oda.go.kr/opo/bsin/bsnsSumryDocDetail.do?P_BSNS_NO=2023-00030
2023-00027,키르기스스탄 국회 디지털화 사업('23-'27/840만불),2023,2027,https://www.oda.go.kr/opo/bsin/bsnsSumryDocDetail.do?P_BSNS_NO=2023-00027
2023-00022,우간다 지속가능한 농촌개발을 위한 수행역량 강화사업('24-'29/550만불),2024,2029,https://www.oda.go.kr/opo/bsin/bsnsSumryDocDetail.do?P_BSNS_NO=2023-00022
2023-00008,캄보디아 ICT 분야 직업기술훈련 역량강화 및 교육훈련 환경구축 사업('23-'27/800만불),2023,2027,https://www.oda.go.kr/opo/bsin/bsnsSumryDocDetail.do?P_BSNS_NO=2023-00008
2023-00005,"모로코 마라케시 친환경 전기버스 교통체계 구축사업('23-'26/1,300만불)",2023,2026,https://www.oda.go.kr/opo/bsin/bsnsSumryDocDetail.do?P_BSNS_NO=2023-00005
2022-00599,"캄보디아 건강형평성 및 보건의료 질 향상 프로그램 2차 사업('22-'27/1,000만불)",2022,2027,https://www.oda.go.kr/opo/bsin/bsnsSumryDocDetail.do?P_BSNS_NO=2022-00599
2022-00596,"에티오피아 오로미아-소말리주 분쟁지역 이주민 사회경제적 회복력 구축 지원사업(IOM)('22-'25/1,000만불)",2022,2025,https://www.oda.go.kr/opo/bsin/bsnsSumryDocDetail.do?P_BSNS_NO=2022-00596
2022-00178,방글라데시 차토그램 광역권 도시교통 마스터플랜 수립 및 도시철도 건설 예비타당성조사사업('22-'24/600만불),2022,2024,https://www.oda.go.kr/opo/bsin/bsnsSumryDocDetail.do?P_BSNS_NO=2022-00178
2022-00176,우즈베키스탄 타슈켄트소아의과대학교 교육 연구 역량강화 사업('22-'27/500만불),2022,2027,https://www.oda.go.kr/opo/bsin/bsnsSumryDocDetail.do?P_BSNS_NO=2022-00176
2022-00175,가나 세무행정 현대화 마스터플랜 수립사업('22-'25/220만불),2022,2025,https://www.oda.go.kr/opo/bsin/bsnsSumryDocDetail.do?P_BSNS_NO=2022-00175
2022-00173,몽골 성과주의 확립을 위한 인사행정 역량강화사업('22-'25/300만불),2022,2025,https://www.oda.go.kr/opo/bsin/bsnsSumryDocDetail.do?P_BSNS_NO=2022-00173
2022-00171,르완다 농산물 가치사슬 스마트화 지원사업(`22-`26/950만불),2022,2026,https://www.oda.go.kr/opo/bsin/bsnsSumryDocDetail.do?P_BSNS_NO=2022-00171
2022-00168,우즈베키스탄 타슈켄트정보통신대학교 취창업 연계형 비즈니스 IT 교육 역량강화 사업('22-'27/500만불),2022,2027,https://www.oda.go.kr/opo/bsin/bsnsSumryDocDetail.do?P_BSNS_NO=2022-00168
2022-00162,몽골과학기술대 도시계획공학과 설립 및 도시개발 전문인력 역량강화 사업('22-'27/500만불),2022,2027,https://www.oda.go.kr/opo/bsin/bsnsSumryDocDetail.do?P_BSNS_NO=2022-00162
2022-00161,몽골 생명과학대학교 산학연계형 고등교육 역량강화사업('22-'26/500만불),2022,2026,https://www.oda.go.kr/opo/bsin/bsnsSumryDocDetail.do?P_BSNS_NO=2022-00161
2022-00159,베트남 부동산 가격 DB 구축 및 가격정보종합시스템 개발 사업('22-'24/736만불),2022,2024,https://www.oda.go.kr/opo/bsin/bsnsSumryDocDetail.do?P_BSNS_NO=2022-00159
2022-00156,튀니지 산업재산권 공공행정 정보시스템 개선 사업('22-'26/373만불),2022,2026,https://www.oda.go.kr/opo/bsin/bsnsSumryDocDetail.do?P_BSNS_NO=2022-00156
2022-00143,"DR콩고 카사이성트랄 주 만성영양실조 예방 사업(WFP, UNICEF)('22-'26/800만불)",2022,2026,https://www.oda.go.kr/opo/bsin/bsnsSumryDocDetail.do?P_BSNS_NO=2022-00143
2022-00142,카메룬 전자정부 인식개선 및 역량강화 사업('22-'26/823만불),2022,2026,https://www.oda.go.kr/opo/bsin/bsnsSumryDocDetail.do?P_BSNS_NO=2022-00142
2022-00140,과테말라 키체주 농촌취약지역 기후회복력 강화사업('22-'26/700만불),2022,2026,https://www.oda.go.kr/opo/bsin/bsnsSumryDocDetail.do?P_BSNS_NO=2022-00140
2022-00138,"가나 북부 2개주 포괄적 일차보건의료체계 강화사업('22-'27/1,240만불)",2022,2027,https://www.oda.go.kr/opo/bsin/bsnsSumryDocDetail.do?P_BSNS_NO=2022-00138
2022-00128,베트남 타이응웬성 지속가능한 폐기물관리체계 구축을 통한 폐기물 감량화 및 자원화 지원사업('22-'25/810만불),2022,2025,https://www.oda.go.kr/opo/bsin/bsnsSumryDocDetail.do?P_BSNS_NO=2022-00128
2022-00127,"베트남 꽝찌성 장애인 종합재활센터 설립사업('22-'26/1,200만불)",2022,2026,https://www.oda.go.kr/opo/bsin/bsnsSumryDocDetail.do?P_BSNS_NO=2022-00127
2022-00126,솔로몬군도 모자보건지원 2차사업(WHO)('22-'26/660만불),2022,2026,https://www.oda.go.kr/opo/bsin/bsnsSumryDocDetail.do?P_BSNS_NO=2022-00126
2022-00123,팔레스타인 야타지역 교육 취약계층 청소년을 위한 기술교육 고등학교 지원사업('22-'27/650만불),2022,2027,https://www.oda.go.kr/opo/bsin/bsnsSumryDocDetail.do?P_BSNS_NO=2022-00123
2022-00120,탄자니아 보건분야 공동재정지원 프로그램 3차사업('22-'25/900만불),2022,2025,https://www.oda.go.kr/opo/bsin/bsnsSumryDocDetail.do?P_BSNS_NO=2022-00120
2022-00119,스리랑카 경력개발 플랫폼을 활용한 직업기술교육훈련생 취업지원 사업 ('22-'26/600만불),2022,2026,https://www.oda.go.kr/opo/bsin/bsnsSumryDocDetail.do?P_BSNS_NO=2022-00119
2022-00117,도미니카공화국 조혼 및 여성대상폭력 예방을 통한 성평등 증진사업(UNICEF) ('22-'25/380만불),2022,2025,https://www.oda.go.kr/opo/bsin/bsnsSumryDocDetail.do?P_BSNS_NO=2022-00117
2022-00115,우간다 고속도로 통합 매뉴얼 개발 및 주요 시설물 관리시스템 구축 사업('22-'26/750만불),2022,2026,https://www.oda.go.kr/opo/bsin/bsnsSumryDocDetail.do?P_BSNS_NO=2022-00115
2022-00114,콜롬비아 2개 분쟁피해지역(PDET)의 가치사슬 강화를 통한 소농 소득 증대사업(UNDP)('22-'27/940만불)),2022,2027,https://www.oda.go.kr/opo/bsin/bsnsSumryDocDetail.do?P_BSNS_NO=2022-00114
2022-00103,우간다 농산업발전을 위한 청년 역량강화사업('22-'27/500만불),2022,2027,https://www.oda.go.kr/opo/bsin/bsnsSumryDocDetail.do?P_BSNS_NO=2022-00103
2022-00097,베트남 한베 ICT 대학교 교육역량 강화 지원 사업('22-'27/770만불),2022,2027,https://www.oda.go.kr/opo/bsin/bsnsSumryDocDetail.do?P_BSNS_NO=2022-00097
2022-00094,"베트남 지뢰/불발탄 제거를 통한 중부지역 평화마을 조성 사업(UNDP)('22-'26/2,500만불)",2022,2026,https://www.oda.go.kr/opo/bsin/bsnsSumryDocDetail.do?P_BSNS_NO=2022-00094
2022-00092,이라크 변압기 정비소 현대화 및 기술인력 역량강화 사업 ('22-'26/500만불),2022,2026,https://www.oda.go.kr/opo/bsin/bsnsSumryDocDetail.do?P_BSNS_NO=2022-00092
2022-00089,라오스 디지털혁신중소기업학과 설립 및 전문인력양성 기반 구축 사업('22-'26/500만불),2022,2026,https://www.oda.go.kr/opo/bsin/bsnsSumryDocDetail.do?P_BSNS_NO=2022-00089
2022-00085,필리핀 스마트농업을 적용한 서비사야스 지역 고소득작물 가치사슬 강화사업('22-'27/800만불),2022,2027,https://www.oda.go.kr/opo/bsin/bsnsSumryDocDetail.do?P_BSNS_NO=2022-00085
2022-00084,"인도네시아 재난대응 공공의료 훈련 역량강화사업('22-'25/1,200만불)",2022,2025,https://www.oda.go.kr/opo/bsin/bsnsSumryDocDetail.do?P_BSNS_NO=2022-00084
2022-00082,이라크 니나와주 취약계층 청년 취업역량 강화 사업(UNESCO)('22-'26/550만불),2022,2026,https://www.oda.go.kr/opo/bsin/bsnsSumryDocDetail.do?P_BSNS_NO=2022-00082
2022-00079,인도네시아 사이버보안 전문인력양성 역량강화사업('22-'26/740만불),2022,2026,https://www.oda.go.kr/opo/bsin/bsnsSumryDocDetail.do?P_BSNS_NO=2022-00079
2022-00076,"피지 국립재활센터 건립사업('22-'27/1,000만불)",2022,2027,https://www.oda.go.kr/opo/bsin/bsnsSumryDocDetail.do?P_BSNS_NO=2022-00076
2022-00070,"라오스 불발탄 분야 지속가능성 확보사업(UNDP)('22-'26/1,100만불)",2022,2026,https://www.oda.go.kr/opo/bsin/bsnsSumryDocDetail.do?P_BSNS_NO=2022-00070
2022-00069,"필리핀 기마라스주 지속가능한 스마트 수산양식장 구축 사업('22-'26/1,000만불)",2022,2026,https://www.oda.go.kr/opo/bsin/bsnsSumryDocDetail.do?P_BSNS_NO=2022-00069
2022-00066,필리핀 남부레이테 및 사마르 주 청소년 성생식 보건 개선사업 (UNFPA-UNICEF-WHO)('22-'26/650만불),2022,2026,https://www.oda.go.kr/opo/bsin/bsnsSumryDocDetail.do?P_BSNS_NO=2022-00066
2022-00065,"필리핀 마카티시 스마트 대중교통체계 구축사업('22-'25/1,300만불)",2022,2025,https://www.oda.go.kr/opo/bsin/bsnsSumryDocDetail.do?P_BSNS_NO=2022-00065
2022-00061,방글라데시 디지털 지방자치 행정서비스 시스템 구축 확대사업('22-'26/800만불),2022,2026,https://www.oda.go.kr/opo/bsin/bsnsSumryDocDetail.do?P_BSNS_NO=2022-00061
2022-00058,페루 쿠스코시 폐기물 통합관리체계 구축 및 자원순환 선진화 사업('22-'27/450만불),2022,2027,https://www.oda.go.kr/opo/bsin/bsnsSumryDocDetail.do?P_BSNS_NO=2022-00058
2022-00056,"캄보디아 농촌종합개발을 통한 평화마을 조성사업('22-'26/1,000만불)",2022,2026,https://www.oda.go.kr/opo/bsin/bsnsSumryDocDetail.do?P_BSNS_NO=2022-00056
2022-00051,스리랑카 중부주.우바주 코로나19 피해 지역사회의 사회경제적 회복력 강화사업(UN-Habitat) ('22-'25/600만불),2022,2025,https://www.oda.go.kr/opo/bsin/bsnsSumryDocDetail.do?P_BSNS_NO=2022-00051
2022-00049,르완다 디지털 대사 프로그램 지원을 통한 디지털 문해율 증진 사업('22-'25/450만불),2022,2025,https://www.oda.go.kr/opo/bsin/bsnsSumryDocDetail.do?P_BSNS_NO=2022-00049
2022-00048,몽골 초중고등학교 급식환경 개선 및 역량강화 사업 ('22-'26/800만불),2022,2026,https://www.oda.go.kr/opo/bsin/bsnsSumryDocDetail.do?P_BSNS_NO=2022-00048
2022-00045,이집트 정부서비스청(GAGS) 공공 전자조달시스템 개선 사업('22-'26/790만불),2022,2026,https://www.oda.go.kr/opo/bsin/bsnsSumryDocDetail.do?P_BSNS_NO=2022-00045
2022-00044,동티모르 청년 취?창업 지원사업(UNDP)('22-'27/620만불),2022,2027,https://www.oda.go.kr/opo/bsin/bsnsSumryDocDetail.do?P_BSNS_NO=2022-00044
2022-00041,요르단 제라시주 마스타바 지역 노후 상수도 관망 개선사업('22-'26/913.1만불),2022,2026,https://www.oda.go.kr/opo/bsin/bsnsSumryDocDetail.do?P_BSNS_NO=2022-00041
2022-00039,에콰도르 생물다양성 보전과 지속가능한 이용을 위한 국가 유전자원 데이터 은행 설립사업('22-'28/900만불),2022,2028,https://www.oda.go.kr/opo/bsin/bsnsSumryDocDetail.do?P_BSNS_NO=2022-00039
2022-00038,볼리비아 라파스주 임상병리검사실체계 강화사업('22-'26/700만불),2022,2026,https://www.oda.go.kr/opo/bsin/bsnsSumryDocDetail.do?P_BSNS_NO=2022-00038
2022-00036,"에티오피아 가죽 및 가죽제품 경쟁력 강화 사업('22-'27/1,000만불)",2022,2027,https://www.oda.go.kr/opo/bsin/bsnsSumryDocDetail.do?P_BSNS_NO=2022-00036
2022-00027,"캄보디아 국립소아병원 내과계 병동건립 및 의료인력 역량강화사업('22-'27/1,600만불)",2022,2027,https://www.oda.go.kr/opo/bsin/bsnsSumryDocDetail.do?P_BSNS_NO=2022-00027
2022-00026,"우즈베키스탄 질병부담 경감을 위한 감염병 대응체계 강화 사업('22-'26/1,415만불)",2022,2026,https://www.oda.go.kr/opo/bsin/bsnsSumryDocDetail.do?P_BSNS_NO=2022-00026
2022-00025,네팔 한국 귀환노동자 안정적 재정착을 위한 단계별 지원체계 강화사업('22-'28/800만불),2022,2028,https://www.oda.go.kr/opo/bsin/bsnsSumryDocDetail.do?P_BSNS_NO=2022-00025
2022-00022,키르기즈공화국 포괄적 스마트 축산물이력제도 운영을 통한 축산물안전성 강화사업('22-'26/550만불),2022,2026,https://www.oda.go.kr/opo/bsin/bsnsSumryDocDetail.do?P_BSNS_NO=2022-00022
2022-00013,콜롬비아 2개 분쟁피해지역(PDET) 평화지속화를 위한 지역사회 거버넌스 역량강화사업('22-'26/640만불),2022,2026,https://www.oda.go.kr/opo/bsin/bsnsSumryDocDetail.do?P_BSNS_NO=2022-00013
2022-00011,파라과이 아순시온 국립대학 ICT 혁신센터 설립을 통한 ICT 경쟁력 강화 사업('22-'26/960만불),2022,2026,https://www.oda.go.kr/opo/bsin/bsnsSumryDocDetail.do?P_BSNS_NO=2022-00011
2022-00010,동티모르 감염병 예방 및 대응 역량강화 사업(WHO)('22-'26/600만불),2022,2026,https://www.oda.go.kr/opo/bsin/bsnsSumryDocDetail.do?P_BSNS_NO=2022-00010
2022-00007,앙골라 북서부 3개 주 교육격차 해소를 위한 교사 역량강화 및 취약계층 교육의 질 향상 사업(3단계)('22-'26/576만불),2022,2026,https://www.oda.go.kr/opo/bsin/bsnsSumryDocDetail.do?P_BSNS_NO=2022-00007
2022-00003,세네갈 국가공중보건 실험실 역량강화사업('22-'26/600만불),2022,2026,https://www.oda.go.kr/opo/bsin/bsnsSumryDocDetail.do?P_BSNS_NO=2022-00003
2021-00187,우즈베키스탄 국가화학산업 발전을 위한 화학연구원 설립 역량강화사업('21...,2021,2027,https://www.oda.go.kr/opo/bsin/bsnsSumryDocDetail.do?P_BSNS_NO=2021-00187
2021-00180,인도 직업기술교육 역량강화사업('21-'23/200만불)...,2021,2023,https://www.oda.go.kr/opo/bsin/bsnsSumryDocDetail.do?P_BSNS_NO=2021-00180
2021-00179,베트남 도시정보관리시스템 구축사업('21-'25/950만불)...,2021,2025,https://www.oda.go.kr/opo/bsin/bsnsSumryDocDetail.do?P_BSNS_NO=2021-00179
2021-00178,캄보디아 고등인재양성 왕립프놈펜대학 환경공학과 설립사업('21-'26/6...,2021,2026,https://www.oda.go.kr/opo/bsin/bsnsSumryDocDetail.do?P_BSNS_NO=2021-00178
2021-00177,베트남 축산 고등전문인력 양성을 위한 국립농업대학교 역량강화 사업('21...,2021,2027,https://www.oda.go.kr/opo/bsin/bsnsSumryDocDetail.do?P_BSNS_NO=2021-00177
2021-00176,"베트남 하이테크 농업발전을 위한 호치민국립대 농과대학 교육, 연구 역량강...",2021,2027,https://www.oda.go.kr/opo/bsin/bsnsSumryDocDetail.do?P_BSNS_NO=2021-00176
2021-00175,베트남 호치민의약학대학 교육연구 역량강화 사업('21-'26년/968만불...,2021,2026,https://www.oda.go.kr/opo/bsin/bsnsSumryDocDetail.do?P_BSNS_NO=2021-00175
2021-00172,"미얀마 철도 역량강화 사업('21-'26/1,460만불)...",2021,2026,https://www.oda.go.kr/opo/bsin/bsnsSumryDocDetail.do?P_BSNS_NO=2021-00172
2021-00169,베트남 금융분야 조기경보 및 위기관리 역량강화 사업('21-'25/237...,2021,2025,https://www.oda.go.kr/opo/bsin/bsnsSumryDocDetail.do?P_BSNS_NO=2021-00169
2021-00168,엘살바도르 산살바도르 도시교통 마스터플랜 수립 및 교통신호체계 개선사업(...,2021,2025,https://www.oda.go.kr/opo/bsin/bsnsSumryDocDetail.do?P_BSNS_NO=2021-00168
2021-00166,필리핀 해양 쓰레기 관리 역량 강화 사업('21-'25/770만불)...,2021,2025,https://www.oda.go.kr/opo/bsin/bsnsSumryDocDetail.do?P_BSNS_NO=2021-00166
2021-00165,인도네시아 해안쓰레기 관리정책 역량강화('21-'23/250만불)...,2021,2023,https://www.oda.go.kr/opo/bsin/bsnsSumryDocDetail.do?P_BSNS_NO=2021-00165
2021-00164,우즈베키스탄 IT Park의 지속가능한 성장을 위한 기반조성 및 역량강화...,2021,2025,https://www.oda.go.kr/opo/bsin/bsnsSumryDocDetail.do?P_BSNS_NO=2021-00164
2021-00163,몽골 대기환경 개선을 위한 에너지원 품질 관리 역량 강화사업('21-'2...,2021,2025,https://www.oda.go.kr/opo/bsin/bsnsSumryDocDetail.do?P_BSNS_NO=2021-00163
2021-00162,인도네시아 법령정보시스템 구축 사업('21-'25/850만불)...,2021,2025,https://www.oda.go.kr/opo/bsin/bsnsSumryDocDetail.do?P_BSNS_NO=2021-00162
2021-00161,알제리 전자무역을 위한 싱글윈도우 구축 사업('21-'25/750만불)...,2021,2025,https://www.oda.go.kr/opo/bsin/bsnsSumryDocDetail.do?P_BSNS_NO=2021-00161
2021-00158,필리핀 재해경감을 위한 메트로 마닐라 통합 홍수관리 체계 구축사업('21...,2021,2026,https://www.oda.go.kr/opo/bsin/bsnsSumryDocDetail.do?P_BSNS_NO=2021-00158
2021-00156,인도네시아 보고르대학교 농업생명과학연구센터 역량강화 사업(‘2...,2021,2027,https://www.oda.go.kr/opo/bsin/bsnsSumryDocDetail.do?P_BSNS_NO=2021-00156
2021-00155,팔레스타인 서안지구 통합적 교육환경 개선사업 (UNICEF)('21-'2...,2021,2025,https://www.oda.go.kr/opo/bsin/bsnsSumryDocDetail.do?P_BSNS_NO=2021-00155
2021-00154,"베트남 중부지역 꽝빈성 평화마을 농촌개발 프로그램 ('21-'25/1,0...",2021,2025,https://www.oda.go.kr/opo/bsin/bsnsSumryDocDetail.do?P_BSNS_NO=2021-00154
2021-00152,라오스 8번 국도(아시안 하이웨이 15) 교량과 도로안전 기능개선 및 역...,2021,2025,https://www.oda.go.kr/opo/bsin/bsnsSumryDocDetail.do?P_BSNS_NO=2021-00152
2021-00141,네팔 경찰청 사이버 안전국 설립을 통한 사이버 수사능력 강화사업('21-...,2021,2026,https://www.oda.go.kr/opo/bsin/bsnsSumryDocDetail.do?P_BSNS_NO=2021-00141
2021-00139,네팔 Province 2 지역 건설기술인력 양성을 위한 모델 폴리텍 설립...,2021,2027,https://www.oda.go.kr/opo/bsin/bsnsSumryDocDetail.do?P_BSNS_NO=2021-00139
2021-00136,아프리카연합(AU) 간염 예방 및 통제 지원사업('21-'24/500만불...,2021,2024,https://www.oda.go.kr/opo/bsin/bsnsSumryDocDetail.do?P_BSNS_NO=2021-00136
2021-00135,스리랑카 도로교통 DB 구축 및 역량강화 사업('21-'24/400만불)...,2021,2024,https://www.oda.go.kr/opo/bsin/bsnsSumryDocDetail.do?P_BSNS_NO=2021-00135
2021-00131,팔레스타인 서안지구 공공 재활치료센터 구축 및 역량강화사업('21-'25...,2021,2025,https://www.oda.go.kr/opo/bsin/bsnsSumryDocDetail.do?P_BSNS_NO=2021-00131
2021-00127,요르단 빅데이터 기반 치안정보 통합관리 시스템 구축 사업('21-'25/...,2021,2025,https://www.oda.go.kr/opo/bsin/bsnsSumryDocDetail.do?P_BSNS_NO=2021-00127
2021-00126,케냐 카지아도주 보건시스템 강화를 통한 모성 및 신생아 보건 개선 사업(...,2021,2026,https://www.oda.go.kr/opo/bsin/bsnsSumryDocDetail.do?P_BSNS_NO=2021-00126
2021-00125,케냐 청년취업 증진을 위한 직업기술교육훈련사업(GIZ)('21-'24/7...,2021,2024,https://www.oda.go.kr/opo/bsin/bsnsSumryDocDetail.do?P_BSNS_NO=2021-00125
2021-00123,우간다 캄팔라지역 고형폐기물 및 분뇨처리 역량강화사업(GGGI)(`21-...,2021,2023,https://www.oda.go.kr/opo/bsin/bsnsSumryDocDetail.do?P_BSNS_NO=2021-00123
2021-00121,탄자니아 도도마주 보건의료정보체계(GoT-HoMIS) 확산 사업(`21-...,2021,2025,https://www.oda.go.kr/opo/bsin/bsnsSumryDocDetail.do?P_BSNS_NO=2021-00121
2021-00119,탄자니아 청년 취업을 위한 직업능력개발사업(GIZ)(`21-`23/530...,2021,2023,https://www.oda.go.kr/opo/bsin/bsnsSumryDocDetail.do?P_BSNS_NO=2021-00119
2021-00117,에티오피아 암하라주 농산물 수확후 관리 및 유통기능 제고를 통한 농촌지역...,2021,2025,https://www.oda.go.kr/opo/bsin/bsnsSumryDocDetail.do?P_BSNS_NO=2021-00117
2021-00111,엘살바도르 ITCA 공학교육역량 강화사업('21-'26/580만불)   ...,2021,2026,https://www.oda.go.kr/opo/bsin/bsnsSumryDocDetail.do?P_BSNS_NO=2021-00111
2021-00109,이집트 여성 경제 역량강화 사업(UN Women)('21-'24/250만...,2021,2024,https://www.oda.go.kr/opo/bsin/bsnsSumryDocDetail.do?P_BSNS_NO=2021-00109
2021-00105,과테말라 수도권 교통개선마스터플랜 수립 및 순환고속도로 타당성 조사사업(...,2021,2025,https://www.oda.go.kr/opo/bsin/bsnsSumryDocDetail.do?P_BSNS_NO=2021-00105
2021-00104,코트디부아르 국립직업기술교육원 교사 ICT기반 교수역량강화사업('21-'...,2021,2025,https://www.oda.go.kr/opo/bsin/bsnsSumryDocDetail.do?P_BSNS_NO=2021-00104
2021-00103,수단 아비에이 지역 참여적 사회통합 및 경제 회복력 강화 사업(`21-`...,2021,2023,https://www.oda.go.kr/opo/bsin/bsnsSumryDocDetail.do?P_BSNS_NO=2021-00103
2021-00100,르완다 소프트웨어 특성화고 역량강화 사업('21-'25/710만불)...,2021,2025,https://www.oda.go.kr/opo/bsin/bsnsSumryDocDetail.do?P_BSNS_NO=2021-00100
2021-00098,에티오피아 아디스아바바 강변개발 미스터플랜 수립지원 및 Sheger강 상...,2021,2024,https://www.oda.go.kr/opo/bsin/bsnsSumryDocDetail.do?P_BSNS_NO=2021-00098
2021-00097,피지 농업공존형 태양광 발전사업(GCF)('21-'24/800만불)...,2021,2024,https://www.oda.go.kr/opo/bsin/bsnsSumryDocDetail.do?P_BSNS_NO=2021-00097
2021-00094,필리핀 정부 통합수자원관리 및 개발 역량강화 사업('21-'24/250만...,2021,2024,https://www.oda.go.kr/opo/bsin/bsnsSumryDocDetail.do?P_BSNS_NO=2021-00094
2021-00092,라오스 농촌개발 실행전략 수립 및 중북부지역 농가소득증대 시범사업('21...,2021,2025,https://www.oda.go.kr/opo/bsin/bsnsSumryDocDetail.do?P_BSNS_NO=2021-00092
2021-00090,코트디부아르 북부 3개주 젠더기반 포용적 중등교육사업(UNICEF)('2...,2021,2025,https://www.oda.go.kr/opo/bsin/bsnsSumryDocDetail.do?P_BSNS_NO=2021-00090
2021-00089,페루 취약계층 건강보험 심사절차 디지털화 및 원격의료 플랫폼 구축사업('...,2021,2026,https://www.oda.go.kr/opo/bsin/bsnsSumryDocDetail.do?P_BSNS_NO=2021-00089
2021-00088,이라크 분쟁 피해지역 경제회복 지원 사업(IOM)('21-'24/500만...,2021,2024,https://www.oda.go.kr/opo/bsin/bsnsSumryDocDetail.do?P_BSNS_NO=2021-00088
2021-00087,튀니지 고용정책 실현 강화와 청년 및 여성을 위한 ICT 기반 일자리 창...,2021,2025,https://www.oda.go.kr/opo/bsin/bsnsSumryDocDetail.do?P_BSNS_NO=2021-00087
2021-00085,우즈베키스탄 교수학습개발복합센터 건립을 통한 유아교사 역량강화사업('21...,2021,2026,https://www.oda.go.kr/opo/bsin/bsnsSumryDocDetail.do?P_BSNS_NO=2021-00085
2021-00083,페루 평화판사 역량강화를 통한 지역사회 젠더폭력 대응력 개선사업('21-...,2021,2027,https://www.oda.go.kr/opo/bsin/bsnsSumryDocDetail.do?P_BSNS_NO=2021-00083
2021-00081,볼리비아 성 및 재생산권리 향상을 위한 성평등 촉진 사업 (UNFPA)(...,2021,2025,https://www.oda.go.kr/opo/bsin/bsnsSumryDocDetail.do?P_BSNS_NO=2021-00081
2021-00080,볼리비아 취약계층 여성의 비즈니스 역량강화 및 성주류화 제도수립 지원 (...,2021,2025,https://www.oda.go.kr/opo/bsin/bsnsSumryDocDetail.do?P_BSNS_NO=2021-00080
2021-00078,스리랑카 사법체계의 마약분석 역량강화사업(`21-`24/400만불)...,2021,2024,https://www.oda.go.kr/opo/bsin/bsnsSumryDocDetail.do?P_BSNS_NO=2021-00078
2021-00075,동티모르 농민참여형 가치사슬 개선사업('21-'25/600만불)...,2021,2025,https://www.oda.go.kr/opo/bsin/bsnsSumryDocDetail.do?P_BSNS_NO=2021-00075
2021-00073,동티모르 학교 중심 기초보건시스템 개선 및 학교급식 역량강화 사업('21...,2021,2025,https://www.oda.go.kr/opo/bsin/bsnsSumryDocDetail.do?P_BSNS_NO=2021-00073
2021-00072,필리핀 국립대학교 첨단 농업연구센터 설립 및 고등교육 역량강화 사업('2...,2021,2026,https://www.oda.go.kr/opo/bsin/bsnsSumryDocDetail.do?P_BSNS_NO=2021-00072
2021-00070,"한-메콩 생물다양성 센터 건립 및 역량강화사업('21-'26/1,000만...",2021,2026,https://www.oda.go.kr/opo/bsin/bsnsSumryDocDetail.do?P_BSNS_NO=2021-00070
2021-00068,"미얀마 농식품 안전 및 식물검역 역량강화 사업('21-'26/1,350만...",2021,2026,https://www.oda.go.kr/opo/bsin/bsnsSumryDocDetail.do?P_BSNS_NO=2021-00068
2021-00064,파라과이 멀티미디어 교육 지원센터 설립을 통한 교육접근성 향상사업('21...,2021,2024,https://www.oda.go.kr/opo/bsin/bsnsSumryDocDetail.do?P_BSNS_NO=2021-00064
2021-00063,콜롬비아 농촌 여성의 경제 역량강화를 위한 환경 조성 및 소득 개선사업(...,2021,2026,https://www.oda.go.kr/opo/bsin/bsnsSumryDocDetail.do?P_BSNS_NO=2021-00063
2021-00062,에티오피아 기후변화 대응 산림 및 토지복원 사업(GGGI)('21-'25...,2021,2025,https://www.oda.go.kr/opo/bsin/bsnsSumryDocDetail.do?P_BSNS_NO=2021-00062
2021-00060,콜롬비아 조선업 활성화 기반 구축 사업('21-'24/500만불)...,2021,2024,https://www.oda.go.kr/opo/bsin/bsnsSumryDocDetail.do?P_BSNS_NO=2021-00060
2021-00058,모로코 북부 지역 모자보건 향상을 위한 1차 의료 역량강화사업('21-'...,2021,2025,https://www.oda.go.kr/opo/bsin/bsnsSumryDocDetail.do?P_BSNS_NO=2021-00058
2021-00056,스리랑카 기술 대학 및 고등학교 건설학과 역량강화 사업('21-'24/4...,2021,2024,https://www.oda.go.kr/opo/bsin/bsnsSumryDocDetail.do?P_BSNS_NO=2021-00056
2021-00055,세네갈 잠냐죠 고등기술전문대학 메이커스페이스 구축 및 창업 인큐베이팅 지...,2021,2026,https://www.oda.go.kr/opo/bsin/bsnsSumryDocDetail.do?P_BSNS_NO=2021-00055
2021-00054,세네갈 대국민 소통 증진을 위한 국회의정활동시스템 현대화 사업('21-'...,2021,2024,https://www.oda.go.kr/opo/bsin/bsnsSumryDocDetail.do?P_BSNS_NO=2021-00054
2021-00053,베트남 산업계 에너지효율 투자시장 활성화 및 녹생성장계획 지원사업('21...,2021,2025,https://www.oda.go.kr/opo/bsin/bsnsSumryDocDetail.do?P_BSNS_NO=2021-00053
2021-00050,이집트 젠더폭력 예방 및 대응 사업(UNFPA)('21-'24/400만불...,2021,2024,https://www.oda.go.kr/opo/bsin/bsnsSumryDocDetail.do?P_BSNS_NO=2021-00050
2021-00048,아제르바이잔 혁신정책로드맵 수립을 통한 혁신역량 강화 사업('21-'24...,2021,2024,https://www.oda.go.kr/opo/bsin/bsnsSumryDocDetail.do?P_BSNS_NO=2021-00048
2021-00043,우간다 주요 채소작물 종자 가치사슬 역량강화사업(`21-`29/800만불...,2021,2027,https://www.oda.go.kr/opo/bsin/bsnsSumryDocDetail.do?P_BSNS_NO=2021-00043
2021-00042,우간다 농업지도자 연수원 자립적 운영체계 구축 및 연수역량 강화사업(`2...,2021,2027,https://www.oda.go.kr/opo/bsin/bsnsSumryDocDetail.do?P_BSNS_NO=2021-00042
2021-00039,캄보디아 중학교 ICT교육역량 강화 사업(‘21-’...,2021,2026,https://www.oda.go.kr/opo/bsin/bsnsSumryDocDetail.do?P_BSNS_NO=2021-00039
2021-00038,캄보디아 북서부 3개주 지뢰제거를 통한 평화마을 조성사업 (UNDP)('...,2021,2025,https://www.oda.go.kr/opo/bsin/bsnsSumryDocDetail.do?P_BSNS_NO=2021-00038
2021-00035,베트남 후에시 문화관광 스마트시티 조성 지원사업(‘21-&rs...,2021,2025,https://www.oda.go.kr/opo/bsin/bsnsSumryDocDetail.do?P_BSNS_NO=2021-00035
2021-00031,모잠비크 리쿵고 강유역 홍수예경보시스템 구축사업(`21-`25/750만불...,2021,2025,https://www.oda.go.kr/opo/bsin/bsnsSumryDocDetail.do?P_BSNS_NO=2021-00031
2021-00023,"나이지리아 공립 초, 중학교 멀티미디어 교육환경 개선 및 교육역량강화 사...",2021,2025,https://www.oda.go.kr/opo/bsin/bsnsSumryDocDetail.do?P_BSNS_NO=2021-00023
2021-00018,몽골 철도교통관제센터 건립 및  운영 역량강화를 통한 철도교통 경쟁력 강...,2021,2026,https://www.oda.go.kr/opo/bsin/bsnsSumryDocDetail.do?P_BSNS_NO=2021-00018
2021-00017,몽골 공공의사결정에서의 양성평등 달성을 위한 여성 권한 강화사업(UNDP...,2021,2024,https://www.oda.go.kr/opo/bsin/bsnsSumryDocDetail.do?P_BSNS_NO=2021-00017
2021-00016,가나대학교 연구 및 ICT 혁신센터 건립 사업('21-'25/900만불)...,2021,2025,https://www.oda.go.kr/opo/bsin/bsnsSumryDocDetail.do?P_BSNS_NO=2021-00016
2021-00014,DR콩고 오트우엘레주 산림전용 및 황폐화방지 이니셔티브(REDD+)를 통...,2021,2026,https://www.oda.go.kr/opo/bsin/bsnsSumryDocDetail.do?P_BSNS_NO=2021-00014
2021-00013,캄보디아 메콩델타 지역 통합물관리 마스터플랜 수립사업('21-'23/20...,2021,2023,https://www.oda.go.kr/opo/bsin/bsnsSumryDocDetail.do?P_BSNS_NO=2021-00013
2021-00012,"DR콩고 킨샤샤, 크윌루 주 취약계층 아동 학습권 강화 및 청소년 사회통...",2021,2024,https://www.oda.go.kr/opo/bsin/bsnsSumryDocDetail.do?P_BSNS_NO=2021-00012
2021-00009,인도네시아 국립대학교 ICT기반 통합지식교육센터 구축 사업 ('21-'2...,2021,2025,https://www.oda.go.kr/opo/bsin/bsnsSumryDocDetail.do?P_BSNS_NO=2021-00009
2020-00119,"이라크 한-이라크 심장병 어린이 전문 병원 건립사업(`20-`25/2,5...",2020,2025,https://www.oda.go.kr/opo/bsin/bsnsSumryDocDetail.do?P_BSNS_NO=2020-00119
2020-00117,르완다 조세정책 및 세무행정개선 컨설팅 사업('20-'24/192만불) ...,2020,2024,https://www.oda.go.kr/opo/bsin/bsnsSumryDocDetail.do?P_BSNS_NO=2020-00117
2020-00114,네팔 보건 및 소득증대를 통한 통합적 농촌지역 역량강화사업(`20-`25...,2020,2025,https://www.oda.go.kr/opo/bsin/bsnsSumryDocDetail.do?P_BSNS_NO=2020-00114
2020-00113,방글라데시 사이버안전을 위한 디지털 수사 역량 확산 사업('20-'23/...,2020,2023,https://www.oda.go.kr/opo/bsin/bsnsSumryDocDetail.do?P_BSNS_NO=2020-00113
2020-00112,몽골 국립과학수사원 법과학 역량강화 사업('20-'23/700만불)...,2020,2023,https://www.oda.go.kr/opo/bsin/bsnsSumryDocDetail.do?P_BSNS_NO=2020-00112
2020-00111,말라위 여성 청소년 성적 권리 강화 및 사회적 자립 통합지원 사업 (UN...,2020,2024,https://www.oda.go.kr/opo/bsin/bsnsSumryDocDetail.do?P_BSNS_NO=2020-00111
2020-00110,마다가스카르 남부지역 만성영양실조 개선 사업 (WFP)('20-'24/6...,2020,2024,https://www.oda.go.kr/opo/bsin/bsnsSumryDocDetail.do?P_BSNS_NO=2020-00110
2020-00109,코스타리카 국가표준기관 법정계량 역량 강화 사업('20-'24/300만불...,2020,2024,https://www.oda.go.kr/opo/bsin/bsnsSumryDocDetail.do?P_BSNS_NO=2020-00109
2020-00108,세네갈 포도르 지역 새마을 시범마을을 통한 농촌개발 사업('20-'24/...,2020,2024,https://www.oda.go.kr/opo/bsin/bsnsSumryDocDetail.do?P_BSNS_NO=2020-00108
2020-00107,베트남 다낭시 스마트 통합 도시재난관리센터 구축 및 재난대응 역량강화 사...,2020,2025,https://www.oda.go.kr/opo/bsin/bsnsSumryDocDetail.do?P_BSNS_NO=2020-00107
2020-00106,스리랑카 콜롬보시 세무정보시스템 구축사업('20-'24/700만불)...,2020,2024,https://www.oda.go.kr/opo/bsin/bsnsSumryDocDetail.do?P_BSNS_NO=2020-00106
2020-00104,파키스탄 아동 및 지역 영양 개선을 위한 영양교육센터 설립사업('20-'...,2020,2024,https://www.oda.go.kr/opo/bsin/bsnsSumryDocDetail.do?P_BSNS_NO=2020-00104
2020-00102,인도네시아 한-인니-동티모르 태양광 에너지 접근성 향상 사업 (UNDP)...,2020,2024,https://www.oda.go.kr/opo/bsin/bsnsSumryDocDetail.do?P_BSNS_NO=2020-00102
2020-00101,필리핀 경쟁위원회 사건처리역량강화사업('20-'23/520만불)...,2020,2023,https://www.oda.go.kr/opo/bsin/bsnsSumryDocDetail.do?P_BSNS_NO=2020-00101
2020-00100,쿠바 자연재해 및 기후변화 대응을 위한 동부지역 식량공급시스템 강화 사업...,2020,2024,https://www.oda.go.kr/opo/bsin/bsnsSumryDocDetail.do?P_BSNS_NO=2020-00100
2020-00099,키르기즈공화국 행정정보공유체계 구축 및 역량개발 사업('20-'24/50...,2020,2024,https://www.oda.go.kr/opo/bsin/bsnsSumryDocDetail.do?P_BSNS_NO=2020-00099
2020-00096,필리핀 마라위 평화 정착을 위한 이주민 생계지원 사업 (IOM)('20-...,2020,2023,https://www.oda.go.kr/opo/bsin/bsnsSumryDocDetail.do?P_BSNS_NO=2020-00096
2020-00095,필리핀 지역사회 기반 보건 서비스 전달 체계 강화 사업 (WHO)('20...,2020,2023,https://www.oda.go.kr/opo/bsin/bsnsSumryDocDetail.do?P_BSNS_NO=2020-00095
2020-00094,필리핀 농기계현대화센터 구축 및 역량강화 사업('20-'25/578만불)...,2020,2025,https://www.oda.go.kr/opo/bsin/bsnsSumryDocDetail.do?P_BSNS_NO=2020-00094
2020-00093,요르단 카락주 파쿠오 지역 노후 상수도 관망 개선사업('20-'24/92...,2020,2024,https://www.oda.go.kr/opo/bsin/bsnsSumryDocDetail.do?P_BSNS_NO=2020-00093
2020-00091,요르단 발카대학교 산하 카락 및 이르비드 전문대학의 직업교육훈련 역량강화...,2020,2024,https://www.oda.go.kr/opo/bsin/bsnsSumryDocDetail.do?P_BSNS_NO=2020-00091
2020-00088,우즈베키스탄 상공회의소 기술기반 창업촉진센터 역량강화 사업('20-'24...,2020,2024,https://www.oda.go.kr/opo/bsin/bsnsSumryDocDetail.do?P_BSNS_NO=2020-00088
2020-00087,인도네시아 취약계층 청소년 사회복귀 지원 사업('20-'23/700만불)...,2020,2023,https://www.oda.go.kr/opo/bsin/bsnsSumryDocDetail.do?P_BSNS_NO=2020-00087
2020-00086,우즈베키스탄 우르겐치 직업훈련원 건립 및 직업훈련 제도역량 공고화 지원 ...,2020,2024,https://www.oda.go.kr/opo/bsin/bsnsSumryDocDetail.do?P_BSNS_NO=2020-00086
2020-00085,인도네시아 찌따룸강 유역 홍수예경보 시스템 구축 2차 사업('20-'24...,2020,2024,https://www.oda.go.kr/opo/bsin/bsnsSumryDocDetail.do?P_BSNS_NO=2020-00085
2020-00082,페루 지속가능한 광산 환경복원력 증진사업('20-'25/640만불)...,2020,2025,https://www.oda.go.kr/opo/bsin/bsnsSumryDocDetail.do?P_BSNS_NO=2020-00082
2020-00080,파라과이 아순시온 도시교통혼잡 완화를 위한 대중교통 개선 사업('20-'...,2020,2024,https://www.oda.go.kr/opo/bsin/bsnsSumryDocDetail.do?P_BSNS_NO=2020-00080
2020-00079,파라과이 관세청 전자통관시스템 고도화 및 역량강화 사업('20-'24/1...,2020,2024,https://www.oda.go.kr/opo/bsin/bsnsSumryDocDetail.do?P_BSNS_NO=2020-00079
2020-00077,콜롬비아 뿌뚜마요 지역 마약 대체작물 재배 및 상업화를 통한 지역 농가 ...,2020,2025,https://www.oda.go.kr/opo/bsin/bsnsSumryDocDetail.do?P_BSNS_NO=2020-00077
2020-00074,에콰도르 국가품질 서비스 개선을 위한 법정계량 역량강화 사업('20-'2...,2020,2024,https://www.oda.go.kr/opo/bsin/bsnsSumryDocDetail.do?P_BSNS_NO=2020-00074
2020-00073,에콰도르 키토시 혁신센터 건립을 통한 창업 및 기업혁신 지원체계 강화 사...,2020,2026,https://www.oda.go.kr/opo/bsin/bsnsSumryDocDetail.do?P_BSNS_NO=2020-00073
2020-00070,도미니카공화국 여성 중심 취약계층 사회·경제적 역량강화사업(...,2020,2026,https://www.oda.go.kr/opo/bsin/bsnsSumryDocDetail.do?P_BSNS_NO=2020-00070
2020-00068,튀니지 전자정부 역량강화를 위한 온라인 개방형 교육훈련 시스템 구축 사업...,2020,2024,https://www.oda.go.kr/opo/bsin/bsnsSumryDocDetail.do?P_BSNS_NO=2020-00068
2020-00067,모로코 직업훈련교사 기술 향상 훈련 허브 센터 설립 사업('20-'24/...,2020,2024,https://www.oda.go.kr/opo/bsin/bsnsSumryDocDetail.do?P_BSNS_NO=2020-00067
2020-00066,탄자니아 교육분야 결과기반 재정지원 프로그램('20-'23/700만불)...,2020,2023,https://www.oda.go.kr/opo/bsin/bsnsSumryDocDetail.do?P_BSNS_NO=2020-00066
2020-00065,탄자니아 싱기다/신양가 주 여성 및 소녀 역량강화를 통한 양성평등 구현 ...,2020,2023,https://www.oda.go.kr/opo/bsin/bsnsSumryDocDetail.do?P_BSNS_NO=2020-00065
2020-00059,"캄보디아 지역농산물 활용 학교 급식 사업 (WFP)('20-'24/1,0...",2020,2024,https://www.oda.go.kr/opo/bsin/bsnsSumryDocDetail.do?P_BSNS_NO=2020-00059
2020-00058,카메룬 2개주 주민등록 전산화시스템 구축 시범사업('20-23/485만불...,2020,2023,https://www.oda.go.kr/opo/bsin/bsnsSumryDocDetail.do?P_BSNS_NO=2020-00058
2020-00057,"인도 중소기업 역량강화 사업 (ILO)('20-'24/238만불)	...",2020,2024,https://www.oda.go.kr/opo/bsin/bsnsSumryDocDetail.do?P_BSNS_NO=2020-00057
2020-00055,우간다 동부 부소가 지역 성생식모자청소년보건 서비스 개선을 위한 보건시스...,2020,2024,https://www.oda.go.kr/opo/bsin/bsnsSumryDocDetail.do?P_BSNS_NO=2020-00055
2020-00054,우간다 산업수요기반 직업기술교육훈련 역량강화사업('20-'27/700만불...,2020,2026,https://www.oda.go.kr/opo/bsin/bsnsSumryDocDetail.do?P_BSNS_NO=2020-00054
2020-00053,에티오피아 양질의 일자리 창출을 위한 ICT 기반의 창업 및 중소기업(S...,2020,2026,https://www.oda.go.kr/opo/bsin/bsnsSumryDocDetail.do?P_BSNS_NO=2020-00053
2020-00052,에티오피아 직업기술교육훈련 관리자 및 교사 역량강화 사업('20-'26/...,2020,2026,https://www.oda.go.kr/opo/bsin/bsnsSumryDocDetail.do?P_BSNS_NO=2020-00052
2020-00051,에티오피아 베니샹굴구무즈 및 아파르 주 지역기반 통합 신생아 및 아동 보...,2020,2024,https://www.oda.go.kr/opo/bsin/bsnsSumryDocDetail.do?P_BSNS_NO=2020-00051
2020-00050,수단 소외열대질환(NTD) 퇴치 및 네트워크 구축 사업('20-'24/7...,2020,2024,https://www.oda.go.kr/opo/bsin/bsnsSumryDocDetail.do?P_BSNS_NO=2020-00050
2020-00049,수단 한-수 직업훈련원 역량 강화 사업('20-'24/500만불) ...,2020,2024,https://www.oda.go.kr/opo/bsin/bsnsSumryDocDetail.do?P_BSNS_NO=2020-00049
2020-00048,"세네갈 미곡가치사슬 강화 2차 사업('20-'26/1,100만불)...",2020,2026,https://www.oda.go.kr/opo/bsin/bsnsSumryDocDetail.do?P_BSNS_NO=2020-00048
2020-00047,모잠비크 남풀라 및 잠베지아 주 초등교육 형평성 및 질적 개선 사업 (U...,2020,2024,https://www.oda.go.kr/opo/bsin/bsnsSumryDocDetail.do?P_BSNS_NO=2020-00047
2020-00039,베트남 탱화성 Ma강 수자원관리 시스템 구축 지원 사업('20-'24/9...,2020,2024,https://www.oda.go.kr/opo/bsin/bsnsSumryDocDetail.do?P_BSNS_NO=2020-00039
2020-00037,베트남 꽝남성 땀끼시 스마트시티 구축 지원사업('20-'25/900만불)...,2020,2025,https://www.oda.go.kr/opo/bsin/bsnsSumryDocDetail.do?P_BSNS_NO=2020-00037
2020-00036,방글라데시 IOM 인신매매 통합대응 프로그램('20-'24/586만불) ...,2020,2024,https://www.oda.go.kr/opo/bsin/bsnsSumryDocDetail.do?P_BSNS_NO=2020-00036
2020-00035,방글라데시 지능형교통체계(ITS) 활용 국가 간선도로망 안전성 강화 사업...,2020,2023,https://www.oda.go.kr/opo/bsin/bsnsSumryDocDetail.do?P_BSNS_NO=2020-00035
2020-00034,미얀마 교량 안전관리기술 역량강화사업('20-'24/480만불) ...,2020,2024,https://www.oda.go.kr/opo/bsin/bsnsSumryDocDetail.do?P_BSNS_NO=2020-00034
2020-00033,미얀마 라카인 마나웅섬 2.5MW 태양광전력시스템 구축 사업('20-'2...,2020,2025,https://www.oda.go.kr/opo/bsin/bsnsSumryDocDetail.do?P_BSNS_NO=2020-00033
2020-00031,미얀마 ICT를 활용한 개발소외지역 참여적 농촌개발 사업('20-'25/...,2020,2025,https://www.oda.go.kr/opo/bsin/bsnsSumryDocDetail.do?P_BSNS_NO=2020-00031
2020-00029,몽골 국가등록업무 시스템 운영지원사업('20-'22/800만불)...,2020,2022,https://www.oda.go.kr/opo/bsin/bsnsSumryDocDetail.do?P_BSNS_NO=2020-00029
2020-00028,라오스 여성폭력 예방·대응체계 및 정책역량 강화 사업('20-'24/70...,2020,2024,https://www.oda.go.kr/opo/bsin/bsnsSumryDocDetail.do?P_BSNS_NO=2020-00028
2020-00027,라오스 남능강 유역의 효율적 물관리 시스템 구축 및 재해대응 역량강화사업...,2020,2025,https://www.oda.go.kr/opo/bsin/bsnsSumryDocDetail.do?P_BSNS_NO=2020-00027
2020-00026,르완다 직업기술교육훈련 품질관리 역량 강화사업('20-'24/800만불)...,2020,2024,https://www.oda.go.kr/opo/bsin/bsnsSumryDocDetail.do?P_BSNS_NO=2020-00026
2020-00025,"나이지리아 디지털 거버넌스 기반환경 조성사업('20-'26/1,300만불...",2020,2026,https://www.oda.go.kr/opo/bsin/bsnsSumryDocDetail.do?P_BSNS_NO=2020-00025
2020-00020,가나 여성청소년 수학.과학 교육지원 사업('20-'24/800만불)...,2020,2024,https://www.oda.go.kr/opo/bsin/bsnsSumryDocDetail.do?P_BSNS_NO=2020-00020
2019-02728,라오스 앗따쁘주 기후변화 대응 회복력 및 자립역량 강화를 위한 통합 프로...,2019,2023,https://www.oda.go.kr/opo/bsin/bsnsSumryDocDetail.do?P_BSNS_NO=2019-02728
2019-01473,베트남 이주로 인한 사회취약계층 여성 및 가구지원을 위한 여성연맹 역량강...,2019,2022,https://www.oda.go.kr/opo/bsin/bsnsSumryDocDetail.do?P_BSNS_NO=2019-01473
2019-00075,미얀마 스쿨버스 지원을 통한 교육환경 개선사업('19-'22/300만불)...,2019,2022,https://www.oda.go.kr/opo/bsin/bsnsSumryDocDetail.do?P_BSNS_NO=2019-00075
2019-00074,라오스 도시환경 개선을 위한 폐수 및 폐기물처리 역량강화 사업('19-'...,2019,2024,https://www.oda.go.kr/opo/bsin/bsnsSumryDocDetail.do?P_BSNS_NO=2019-00074
2019-00072,라오스 불발탄 제거 지원 2차 사업('19-'23/550만불) ...,2019,2023,https://www.oda.go.kr/opo/bsin/bsnsSumryDocDetail.do?P_BSNS_NO=2019-00072
2019-00071,라오스 성생식 모자보건 접근성 개선을 위한 서비스 수준 강화 및 지역기반...,2019,2024,https://www.oda.go.kr/opo/bsin/bsnsSumryDocDetail.do?P_BSNS_NO=2019-00071
2019-00070,"미얀마 자동차 통합정보관리 시스템 구축사업('19-'23/1,000만불)...",2019,2023,https://www.oda.go.kr/opo/bsin/bsnsSumryDocDetail.do?P_BSNS_NO=2019-00070
2019-00069,미얀마 기후변화 적응을 위한 농촌지도 역량강화 사업('19-'23/950...,2019,2023,https://www.oda.go.kr/opo/bsin/bsnsSumryDocDetail.do?P_BSNS_NO=2019-00069
2019-00068,"베트남 뚜옌꽝성 포용적 농촌개발 프로그램(`19-`23/1,500만불)...",2019,2023,https://www.oda.go.kr/opo/bsin/bsnsSumryDocDetail.do?P_BSNS_NO=2019-00068
2019-00067,베트남 인민법원 재판절차의 투명성 강화 및 재판품질 향상 지원 사업('1...,2019,2023,https://www.oda.go.kr/opo/bsin/bsnsSumryDocDetail.do?P_BSNS_NO=2019-00067
2019-00066,캄보디아 동북부 소외지역 모자보건 프로그램('19-'23/700만불)  ...,2019,2023,https://www.oda.go.kr/opo/bsin/bsnsSumryDocDetail.do?P_BSNS_NO=2019-00066
2019-00065,캄보디아 앙코르유적 프레아피투 사원과 코끼리테라스 보존 및 복원 2차 사...,2019,2023,https://www.oda.go.kr/opo/bsin/bsnsSumryDocDetail.do?P_BSNS_NO=2019-00065
2019-00064,캄보디아 산학연계 비즈니스 인큐베이팅 체계 구축 사업('19-'24/79...,2019,2024,https://www.oda.go.kr/opo/bsin/bsnsSumryDocDetail.do?P_BSNS_NO=2019-00064
2019-00062,동티모르 지역사회 기반 결핵진단 및 관리 역량강화사업('19-'24/60...,2019,2024,https://www.oda.go.kr/opo/bsin/bsnsSumryDocDetail.do?P_BSNS_NO=2019-00062
2019-00060,인도네시아 자카르타 광역 ITS 마스터플랜 수립 및 시범시스템 구축사업(...,2019,2024,https://www.oda.go.kr/opo/bsin/bsnsSumryDocDetail.do?P_BSNS_NO=2019-00060
2019-00059,인도네시아 UNDP 통합민원체계 구축 역량강화사업('19-'23/520만...,2019,2023,https://www.oda.go.kr/opo/bsin/bsnsSumryDocDetail.do?P_BSNS_NO=2019-00059
2019-00058,인도네시아 자카르타 경전철 운영안정화를 위한 역량강화사업('19-'24/...,2019,2024,https://www.oda.go.kr/opo/bsin/bsnsSumryDocDetail.do?P_BSNS_NO=2019-00058
2019-00055,필리핀 FAO 민다나오 지속가능한 개발을 위한 농촌 비즈니스 강화사업('...,2019,2023,https://www.oda.go.kr/opo/bsin/bsnsSumryDocDetail.do?P_BSNS_NO=2019-00055
2019-00054,필리핀 팜팡가강 유역 수자원 통합 관리시스템 구축 2차 사업('19-'2...,2019,2024,https://www.oda.go.kr/opo/bsin/bsnsSumryDocDetail.do?P_BSNS_NO=2019-00054
2019-00053,필리핀 GGGI 미마로파 낙후 농촌지역 기후복원력 강화 지원 사업('19...,2019,2024,https://www.oda.go.kr/opo/bsin/bsnsSumryDocDetail.do?P_BSNS_NO=2019-00053
2019-00052,몽골 직업기술교육훈련(TVET) 시스템 개선사업('19-'22/450만불...,2019,2022,https://www.oda.go.kr/opo/bsin/bsnsSumryDocDetail.do?P_BSNS_NO=2019-00052
2019-00051,몽골 국립과학기술대학교 정보통신대학 역량강화사업('19-'24/600만불...,2019,2024,https://www.oda.go.kr/opo/bsin/bsnsSumryDocDetail.do?P_BSNS_NO=2019-00051
2019-00050,몽골 UNICEF 지역사회기반 기후변화대응 WASH 사업('19-'22/...,2019,2022,https://www.oda.go.kr/opo/bsin/bsnsSumryDocDetail.do?P_BSNS_NO=2019-00050
2019-00048,스리랑카 농산물 수출입 검역시스템 개선사업('19-'24/688만불) ...,2019,2024,https://www.oda.go.kr/opo/bsin/bsnsSumryDocDetail.do?P_BSNS_NO=2019-00048
2019-00047,스리랑카 WFP 5개군 기후변화적응 기반 지역개발 사업('19-'22/6...,2019,2022,https://www.oda.go.kr/opo/bsin/bsnsSumryDocDetail.do?P_BSNS_NO=2019-00047
2019-00045,파키스탄 태양전지모듈 인증시험소 설립사업('19-'23/950만불)...,2019,2023,https://www.oda.go.kr/opo/bsin/bsnsSumryDocDetail.do?P_BSNS_NO=2019-00045
2019-00044,파키스탄 SDG 6 달성을 위한 수질모니터링 시스템 역량강화 사업('19...,2019,2024,https://www.oda.go.kr/opo/bsin/bsnsSumryDocDetail.do?P_BSNS_NO=2019-00044
2019-00043,피지 기후변화 대응 보건역량강화 사업(WHO)('19-'24/641만불)...,2019,2024,https://www.oda.go.kr/opo/bsin/bsnsSumryDocDetail.do?P_BSNS_NO=2019-00043
2019-00042,가나 센트럴 주 쌀가치사슬체계 향상 사업('19-'23/800만불)...,2019,2023,https://www.oda.go.kr/opo/bsin/bsnsSumryDocDetail.do?P_BSNS_NO=2019-00042
2019-00041,감비아 UNESCO 직업훈련을 통한 청년개발 사업('19-'22/220만...,2019,2022,https://www.oda.go.kr/opo/bsin/bsnsSumryDocDetail.do?P_BSNS_NO=2019-00041
2019-00039,카메룬 농촌지역 식수위생 개선사업('19-'23/670만불)...,2019,2023,https://www.oda.go.kr/opo/bsin/bsnsSumryDocDetail.do?P_BSNS_NO=2019-00039
2019-00038,과테말라 GCF 서부고원지대 기후변화 복원력 강화사업(‘19-’25/50...,2019,2025,https://www.oda.go.kr/opo/bsin/bsnsSumryDocDetail.do?P_BSNS_NO=2019-00038
2019-00037,엘살바도르 국립보건교육센터 설립 및 보건교육 강화사업('19-'23/68...,2019,2023,https://www.oda.go.kr/opo/bsin/bsnsSumryDocDetail.do?P_BSNS_NO=2019-00037
2019-00036,엘살바도르 치안역량강화 3차사업('19-'24/550만불)...,2019,2024,https://www.oda.go.kr/opo/bsin/bsnsSumryDocDetail.do?P_BSNS_NO=2019-00036
2019-00035,코스타리카 기술혁신 기반 창업 및 산학협력 지원사업('19-'25/450...,2019,2025,https://www.oda.go.kr/opo/bsin/bsnsSumryDocDetail.do?P_BSNS_NO=2019-00035
2019-00034,콜롬비아 WFP 분쟁 피해지역 여성의 경제적 자립 및 권익 증진사업('1...,2019,2024,https://www.oda.go.kr/opo/bsin/bsnsSumryDocDetail.do?P_BSNS_NO=2019-00034
2019-00033,파라과이 도로기술연구소 구축을 통한 도로기술역량강화사업('19-'23/4...,2019,2023,https://www.oda.go.kr/opo/bsin/bsnsSumryDocDetail.do?P_BSNS_NO=2019-00033
2019-00032,"파라과이 항공 전문인력 역량강화사업('19-'23/1,113만불)...",2019,2023,https://www.oda.go.kr/opo/bsin/bsnsSumryDocDetail.do?P_BSNS_NO=2019-00032
2019-00028,모로코 스마트 멀티마이크로그리드 R&D 역량강화 사업('19-'24/40...,2019,2024,https://www.oda.go.kr/opo/bsin/bsnsSumryDocDetail.do?P_BSNS_NO=2019-00028
2019-00027,알제리 사이버 보안센터 설립 사업('19-'24/650만불)...,2019,2024,https://www.oda.go.kr/opo/bsin/bsnsSumryDocDetail.do?P_BSNS_NO=2019-00027
2019-00025,이집트 지식재산권 자동화 시스템 개선사업('19-'23/290만불)...,2019,2023,https://www.oda.go.kr/opo/bsin/bsnsSumryDocDetail.do?P_BSNS_NO=2019-00025
2019-00023,튀니지 전자조달시스템 확대·개선사업('19-'23/250만불...,2019,2023,https://www.oda.go.kr/opo/bsin/bsnsSumryDocDetail.do?P_BSNS_NO=2019-00023
2019-00016,키르기즈공화국 UNDP 소방구조 역량강화사업('19-'23/700만불)...,2019,2023,https://www.oda.go.kr/opo/bsin/bsnsSumryDocDetail.do?P_BSNS_NO=2019-00016
2019-00015,키르기즈공화국 유기농업정책 이행지원 및 역량강화 사업('19-'23/50...,2019,2023,https://www.oda.go.kr/opo/bsin/bsnsSumryDocDetail.do?P_BSNS_NO=2019-00015
2019-00012,르완다 UNDP 유스 커넥트 이니셔티브 확대 지원사업('19-'22/80...,2019,2022,https://www.oda.go.kr/opo/bsin/bsnsSumryDocDetail.do?P_BSNS_NO=2019-00012
2019-00011,모잠비크 직업훈련교육 역량강화사업('19-'23/700만불)...,2019,2023,https://www.oda.go.kr/opo/bsin/bsnsSumryDocDetail.do?P_BSNS_NO=2019-00011
2019-00009,수단 UNDP 리버나일주 태양광물펌프 설치를 통한 관개개발사업('19-'...,2019,2023,https://www.oda.go.kr/opo/bsin/bsnsSumryDocDetail.do?P_BSNS_NO=2019-00009
2019-00008,에티오피아 SHaPE 2차사업 - 인구 생식보건 행동변화 및 서비스 증진...,2019,2024,https://www.oda.go.kr/opo/bsin/bsnsSumryDocDetail.do?P_BSNS_NO=2019-00008
2019-00007,"에티오피아 통합적 식수위생환경 개선사업('19-'23/1,000만불)...",2019,2023,https://www.oda.go.kr/opo/bsin/bsnsSumryDocDetail.do?P_BSNS_NO=2019-00007
2019-00006,우간다 UNDP 난민 및 지역 여성 역량강화사업('19-'23/700만불...,2019,2023,https://www.oda.go.kr/opo/bsin/bsnsSumryDocDetail.do?P_BSNS_NO=2019-00006
2019-00005,우간다 지속가능 농촌개발 시범마을 확산 사업('19-'23/590만불)...,2019,2023,https://www.oda.go.kr/opo/bsin/bsnsSumryDocDetail.do?P_BSNS_NO=2019-00005
2017-12725,베트남 하노이 도시철도 8호선 건설 예비타당성조사(Pre-F/S) 사업(...,2018,2022,https://www.oda.go.kr/opo/bsin/bsnsSumryDocDetail.do?P_BSNS_NO=2017-12725
2017-07206,카메룬 전자조달시스템 구축 2차 사업('18-'24/560만불) ...,2018,2024,https://www.oda.go.kr/opo/bsin/bsnsSumryDocDetail.do?P_BSNS_NO=2017-07206
2017-07196,우즈베키스탄 타슈켄트 정보통신대학교 통합교육정보화시스템 구축 및 보급 지...,2018,2022,https://www.oda.go.kr/opo/bsin/bsnsSumryDocDetail.do?P_BSNS_NO=2017-07196
2017-07192,캄보디아 앙두엉병원 이비인후과(ENT) 역량강화사업('18-'22/800...,2018,2022,https://www.oda.go.kr/opo/bsin/bsnsSumryDocDetail.do?P_BSNS_NO=2017-07192
2017-07188,"코트디부아르 아비장시 상수급수 연결 2차사업('18-'22/607만불)	...",2018,2022,https://www.oda.go.kr/opo/bsin/bsnsSumryDocDetail.do?P_BSNS_NO=2017-07188
2017-07184,나이지리아 UNFPA 보르노주 여성 및 소녀를 위한 성생식 보건 및 젠더...,2018,2022,https://www.oda.go.kr/opo/bsin/bsnsSumryDocDetail.do?P_BSNS_NO=2017-07184
2017-07156,팔레스타인 외교부 행정관리시스템 고도화 및 보안네트워크 구축사업('18-...,2018,2021,https://www.oda.go.kr/opo/bsin/bsnsSumryDocDetail.do?P_BSNS_NO=2017-07156
2017-07139,우간다 UNICEF 카라모자지역 초중등학교 식수시설 보급 및 위생교육사업...,2018,2023,https://www.oda.go.kr/opo/bsin/bsnsSumryDocDetail.do?P_BSNS_NO=2017-07139
2017-07123,르완다 전자영수증 발급 시스템 고도화 및 통합조세포털 구축사업('18-'...,2018,2022,https://www.oda.go.kr/opo/bsin/bsnsSumryDocDetail.do?P_BSNS_NO=2017-07123
2017-07115,우즈벡 페르가나 직업훈련원 건립사업('18-'22/983만불)  ...,2018,2022,https://www.oda.go.kr/opo/bsin/bsnsSumryDocDetail.do?P_BSNS_NO=2017-07115
2017-07113,미얀마 중앙 중추고속도로 타당성조사사업('18-'21/580만불) ...,2018,2021,https://www.oda.go.kr/opo/bsin/bsnsSumryDocDetail.do?P_BSNS_NO=2017-07113
2017-07100,네팔 UNDP 과일 및 채소 가치사슬 개발 사업('18-'23/505만불...,2018,2023,https://www.oda.go.kr/opo/bsin/bsnsSumryDocDetail.do?P_BSNS_NO=2017-07100
2017-07025,온두라스 교원 ICT 활용능력 강화사업('18-'23/180만불) ...,2018,2023,https://www.oda.go.kr/opo/bsin/bsnsSumryDocDetail.do?P_BSNS_NO=2017-07025
2016-20261,파라과이 바냐도수르 지역개발 마스터플랜 및 강변도로 지역 개발 상세계획 ...,2018,2022,https://www.oda.go.kr/opo/bsin/bsnsSumryDocDetail.do?P_BSNS_NO=2016-20261
2016-20242,케냐 분고마주 체퓩-키바비 식수개발사업(`18-`23/600만불)...,2018,2023,https://www.oda.go.kr/opo/bsin/bsnsSumryDocDetail.do?P_BSNS_NO=2016-20242
2016-20238,베트남 해양환경관리 기반구축을 위한 역량강화 및 시범사업('18-'23/...,2018,2023,https://www.oda.go.kr/opo/bsin/bsnsSumryDocDetail.do?P_BSNS_NO=2016-20238
2016-20236,베트남 사회주택 개발 종합정책수립사업('18-'21/300만불) ...,2018,2021,https://www.oda.go.kr/opo/bsin/bsnsSumryDocDetail.do?P_BSNS_NO=2016-20236
2016-20226,피지 멜라네시아 신재생에너지 역량강화사업('18-'22/600만불)...,2018,2022,https://www.oda.go.kr/opo/bsin/bsnsSumryDocDetail.do?P_BSNS_NO=2016-20226
2016-20206,방글라데시 청년창업 활성화를 위한 대학 창업교육 역량강화 지원사업('18...,2018,2024,https://www.oda.go.kr/opo/bsin/bsnsSumryDocDetail.do?P_BSNS_NO=2016-20206
2016-20200,방글라데시 기술교육 및 청년취업 강화사업('18-'25/850만불)...,2018,2025,https://www.oda.go.kr/opo/bsin/bsnsSumryDocDetail.do?P_BSNS_NO=2016-20200
2016-20196,베트남 민간부문 투자활성화를 위한 투자정보시스템 구축사업('18-'23/...,2018,2023,https://www.oda.go.kr/opo/bsin/bsnsSumryDocDetail.do?P_BSNS_NO=2016-20196
2016-20194,세네갈 UNICEF 영유아발달 지원사업('18-'23/495만불)...,2018,2023,https://www.oda.go.kr/opo/bsin/bsnsSumryDocDetail.do?P_BSNS_NO=2016-20194
2016-20192,세네갈 중부지역 모자보건체계 강화사업('18-'23/890만불)...,2018,2023,https://www.oda.go.kr/opo/bsin/bsnsSumryDocDetail.do?P_BSNS_NO=2016-20192
2016-20190,가나 글로벌보건안보구상(GHSA)강화사업('18-'23/750만불) ...,2018,2023,https://www.oda.go.kr/opo/bsin/bsnsSumryDocDetail.do?P_BSNS_NO=2016-20190
2016-20182,아이티 UNDP 취약계층 여성역량강화 및 소득증진 사업('18-'24/4...,2018,2024,https://www.oda.go.kr/opo/bsin/bsnsSumryDocDetail.do?P_BSNS_NO=2016-20182
2016-20176,도미니카공화국 미성년자 임신방지 및 여성보건환경개선 3차 사업('18-'...,2018,2023,https://www.oda.go.kr/opo/bsin/bsnsSumryDocDetail.do?P_BSNS_NO=2016-20176
2016-20170,아제르바이잔 IOM 물공급시스템(카흐리즈) 구축 지원사업('18-'22/...,2018,2022,https://www.oda.go.kr/opo/bsin/bsnsSumryDocDetail.do?P_BSNS_NO=2016-20170
2016-20158,스리랑카 북부주 킬리노치 지역 교육역량강화 사업('18-'22/750만불...,2018,2022,https://www.oda.go.kr/opo/bsin/bsnsSumryDocDetail.do?P_BSNS_NO=2016-20158
2016-20150,필리핀 퀴리노주 농촌종합개발 2차 사업('18-'23/950만불)...,2018,2023,https://www.oda.go.kr/opo/bsin/bsnsSumryDocDetail.do?P_BSNS_NO=2016-20150
2016-20148,필리핀 UNICEF 생애초기 1000일간 영양개선사업('18-'22/60...,2018,2022,https://www.oda.go.kr/opo/bsin/bsnsSumryDocDetail.do?P_BSNS_NO=2016-20148
2016-20134,콜롬비아 UNHCR 내전 피해 국내난민 정착지원 및 지속 가능 해결 방안...,2018,2022,https://www.oda.go.kr/opo/bsin/bsnsSumryDocDetail.do?P_BSNS_NO=2016-20134
2016-20124,알제리 새우양식 사료 제조역량 강화 사업(`18-`23/357만불)...,2018,2023,https://www.oda.go.kr/opo/bsin/bsnsSumryDocDetail.do?P_BSNS_NO=2016-20124
2016-20110,탄자니아 잔지바르 중등교육 질 향상을 위한 통합적 교육환경 개선사업('1...,2018,2024,https://www.oda.go.kr/opo/bsin/bsnsSumryDocDetail.do?P_BSNS_NO=2016-20110
2016-20102,파키스탄 UNESCO 소녀들의 기초교육권리 확충을 위한 교육역량 강화사업...,2018,2023,https://www.oda.go.kr/opo/bsin/bsnsSumryDocDetail.do?P_BSNS_NO=2016-20102
2016-20098,인도네시아 경찰청 사이버 범죄수사역량강화사업('18-'23/510만불) ...,2018,2023,https://www.oda.go.kr/opo/bsin/bsnsSumryDocDetail.do?P_BSNS_NO=2016-20098
2016-20076,라오스 사바나켓주 경제특구 개발을 위한 지리공간정보 기반 구축 및 역량강...,2018,2026,https://www.oda.go.kr/opo/bsin/bsnsSumryDocDetail.do?P_BSNS_NO=2016-20076
2016-20072,과테말라 중북부 지역 기후변화적응을 위한 복원력 강화 사업 ('18-'2...,2018,2023,https://www.oda.go.kr/opo/bsin/bsnsSumryDocDetail.do?P_BSNS_NO=2016-20072
2016-20047,"볼리비아 UNICEF 코차밤바, 판도 주 원주민 지역사회 내 보건 및 교...",2018,2022,https://www.oda.go.kr/opo/bsin/bsnsSumryDocDetail.do?P_BSNS_NO=2016-20047
2016-20041,이라크 쿠르드지방정부 공공조달 현대화 사업('18-'23/600만불)...,2018,2023,https://www.oda.go.kr/opo/bsin/bsnsSumryDocDetail.do?P_BSNS_NO=2016-20041
2016-00235,에티오피아 짐마지역 모성 및 신생아보건서비스 체계강화사업('16-'19/...,2016,2019,https://www.oda.go.kr/opo/bsin/bsnsSumryDocDetail.do?P_BSNS_NO=2016-00235
2016-00234,우간다 이강가 카물리 지역아웃리치를 통한 모자보건 개선 사업('16-'1...,2016,2018,https://www.oda.go.kr/opo/bsin/bsnsSumryDocDetail.do?P_BSNS_NO=2016-00234
2016-00233,케냐 카지아도주 모자보건 증진 및 보건인식 개선 강화 사업('16-'18...,2016,2018,https://www.oda.go.kr/opo/bsin/bsnsSumryDocDetail.do?P_BSNS_NO=2016-00233
2016-00231,에티오피아 싱글윈도우사업(2단계)('17-'23/749만불)...,2017,2023,https://www.oda.go.kr/opo/bsin/bsnsSumryDocDetail.do?P_BSNS_NO=2016-00231
2016-00230,미얀마 에야와디 델타 지역 농업 및 관개개발 마스터플랜 수립사업('17-...,2017,2021,https://www.oda.go.kr/opo/bsin/bsnsSumryDocDetail.do?P_BSNS_NO=2016-00230
2016-00229,키르기즈공화국 새마을기반 지역개발 시범사업('17-'23/350만불)...,2017,2023,https://www.oda.go.kr/opo/bsin/bsnsSumryDocDetail.do?P_BSNS_NO=2016-00229
2016-00228,니카라과 새마을기반 정책개발역량강화사업('17-`21/180만불) ...,2017,2021,https://www.oda.go.kr/opo/bsin/bsnsSumryDocDetail.do?P_BSNS_NO=2016-00228
2016-00227,에티오피아 암하라주 새마을운동 사업('17-'22/437.3만불)...,2017,2022,https://www.oda.go.kr/opo/bsin/bsnsSumryDocDetail.do?P_BSNS_NO=2016-00227
2016-00226,모로코 녹색기술 연구개발 종합지원사업('17-'23/800만불)...,2017,2023,https://www.oda.go.kr/opo/bsin/bsnsSumryDocDetail.do?P_BSNS_NO=2016-00226
2016-00225,베트남 산업계 에너지 효율 투자 활성화 지원사업 ('17-'20/190만...,2017,2020,https://www.oda.go.kr/opo/bsin/bsnsSumryDocDetail.do?P_BSNS_NO=2016-00225
2016-00223,스리랑카 해양대학교 발전 마스터플랜 수립 및 역량강화 사업('17-'22...,2017,2022,https://www.oda.go.kr/opo/bsin/bsnsSumryDocDetail.do?P_BSNS_NO=2016-00223
2016-00222,타지키스탄 전력소외 지역 전력망 구축 사업('17-'21/600만불)...,2017,2021,https://www.oda.go.kr/opo/bsin/bsnsSumryDocDetail.do?P_BSNS_NO=2016-00222
2016-00221,카리브해 해안리질리언스 강화를 위한 백사장 침식 모니터링 및 조사사업(&...,2017,2023,https://www.oda.go.kr/opo/bsin/bsnsSumryDocDetail.do?P_BSNS_NO=2016-00221
2016-00220,엘살바도르 동부건조지역 수계 복원력증대를 통한 기후변화대응사업('17-'...,2017,2021,https://www.oda.go.kr/opo/bsin/bsnsSumryDocDetail.do?P_BSNS_NO=2016-00220
2016-00219,페루 아마존지역 주민들의 삶의 질 개선을 위한 바이오 비즈니스 생산성 제...,2017,2023,https://www.oda.go.kr/opo/bsin/bsnsSumryDocDetail.do?P_BSNS_NO=2016-00219
2016-00218,튀니지 남부지역 50MW 태양광발전소 건설 타당성조사 사업('17-'21...,2017,2021,https://www.oda.go.kr/opo/bsin/bsnsSumryDocDetail.do?P_BSNS_NO=2016-00218
2016-00215,"요르단 자르카 기술고등학교 설립사업('17-'22/1,038만불)...",2017,2022,https://www.oda.go.kr/opo/bsin/bsnsSumryDocDetail.do?P_BSNS_NO=2016-00215
2016-00214,볼리비아 고원지역 건강증진 및 삶의 질 향상 프로그램('17-'23/90...,2017,2023,https://www.oda.go.kr/opo/bsin/bsnsSumryDocDetail.do?P_BSNS_NO=2016-00214
2016-00213,라오스 한-라 직업기술개발원 역량강화사업('17-'23/585만불) ...,2017,2023,https://www.oda.go.kr/opo/bsin/bsnsSumryDocDetail.do?P_BSNS_NO=2016-00213
2016-00212,캄보디아 건강형평성 및 질 향상 프로그램('17-'22/700만불)...,2017,2022,https://www.oda.go.kr/opo/bsin/bsnsSumryDocDetail.do?P_BSNS_NO=2016-00212
2016-00211,이란 국립 직업훈련교사 훈련원 현대화사업('17-'23/750만불)  ...,2017,2023,https://www.oda.go.kr/opo/bsin/bsnsSumryDocDetail.do?P_BSNS_NO=2016-00211
2016-00210,니카라과 중등교사 ICT교육 역량강화 사업('17-'21/300만불) ...,2017,2021,https://www.oda.go.kr/opo/bsin/bsnsSumryDocDetail.do?P_BSNS_NO=2016-00210
2016-00209,르완다 교사 및 예비교사 ICT 교육 역량강화사업('17-'23/730만...,2017,2023,https://www.oda.go.kr/opo/bsin/bsnsSumryDocDetail.do?P_BSNS_NO=2016-00209
2016-00208,DR콩고 루붐바시 실험실 감염병 감시 및 진단 역량강화사업('17-'22...,2017,2022,https://www.oda.go.kr/opo/bsin/bsnsSumryDocDetail.do?P_BSNS_NO=2016-00208
2016-00207,캄보디아 KOICA-GHSA 로드맵 수립 및 3대 행동계획 이행지원 사업...,2017,2021,https://www.oda.go.kr/opo/bsin/bsnsSumryDocDetail.do?P_BSNS_NO=2016-00207
2016-00206,요르단 시리아 난민 밀집지역 취약계층 아동을 위한 3개 학교 건립사업('...,2017,2022,https://www.oda.go.kr/opo/bsin/bsnsSumryDocDetail.do?P_BSNS_NO=2016-00206
2016-00205,가나 UNICEF 여성청소년 권익과 교육 및 보건 증진 사업('17-'2...,2017,2021,https://www.oda.go.kr/opo/bsin/bsnsSumryDocDetail.do?P_BSNS_NO=2016-00205
2016-00204,필리핀 UNESCO 타클로반 지역 학교밖 소녀를 위한 교육사업('17-'...,2017,2022,https://www.oda.go.kr/opo/bsin/bsnsSumryDocDetail.do?P_BSNS_NO=2016-00204
2016-00202,라오스 출입국관리 행정역량강화사업(2017-2023/860만불)  ...,2017,2023,https://www.oda.go.kr/opo/bsin/bsnsSumryDocDetail.do?P_BSNS_NO=2016-00202
2016-00201,몽골 헌법재판소 정보화시스템 구축사업('17-'19/400만불)...,2017,2019,https://www.oda.go.kr/opo/bsin/bsnsSumryDocDetail.do?P_BSNS_NO=2016-00201
2016-00200,우즈베키스탄 공공부문 혁신을 위한 국가행정아카데미 역량강화사업('17-'...,2017,2021,https://www.oda.go.kr/opo/bsin/bsnsSumryDocDetail.do?P_BSNS_NO=2016-00200
2016-00099,탄자니아 UNESCO 교육을 통한 탄자니아 여성청소년 역량강화('16-'...,2016,2021,https://www.oda.go.kr/opo/bsin/bsnsSumryDocDetail.do?P_BSNS_NO=2016-00099
2016-00098,네팔 UNESCO 포괄적 성교육 및 안전한 교육환경 구축을 통한 소녀 및...,2016,2022,https://www.oda.go.kr/opo/bsin/bsnsSumryDocDetail.do?P_BSNS_NO=2016-00098
2016-00097,말리 UNESCO 교육을 통한 여성청소년 역량강화('16-'21/515만...,2016,2021,https://www.oda.go.kr/opo/bsin/bsnsSumryDocDetail.do?P_BSNS_NO=2016-00097
2016-00096,키르기즈공화국 전자주민카드(e-NID) 도입 사업('16-'18/746만...,2016,2018,https://www.oda.go.kr/opo/bsin/bsnsSumryDocDetail.do?P_BSNS_NO=2016-00096
2016-00090,남아공 새마을운동 DEEP사업('16-'20/150만불)...,2016,2020,https://www.oda.go.kr/opo/bsin/bsnsSumryDocDetail.do?P_BSNS_NO=2016-00090
2016-00089,세네갈 농업기술학교 역량강화사업('14-'19/300만불)...,2014,2019,https://www.oda.go.kr/opo/bsin/bsnsSumryDocDetail.do?P_BSNS_NO=2016-00089
2016-00088,콜롬비아 과채류 시장경쟁력 강화사업('16-'21/400만불)...,2016,2021,https://www.oda.go.kr/opo/bsin/bsnsSumryDocDetail.do?P_BSNS_NO=2016-00088
2016-00087,라오스 아시안하이웨이 라오스 구간(8번 국도) 개량 타당성조사 및 기본설...,2016,2018,https://www.oda.go.kr/opo/bsin/bsnsSumryDocDetail.do?P_BSNS_NO=2016-00087
2016-00086,라오스 남능강 유역 통합수자원관리 마스터플랜 수립사업(‘16-’19/26...,2016,2019,https://www.oda.go.kr/opo/bsin/bsnsSumryDocDetail.do?P_BSNS_NO=2016-00086
2016-00085,인도네시아 자카르타 수도권해안종합개발 컨설팅사업('14-'21/950만불...,2014,2021,https://www.oda.go.kr/opo/bsin/bsnsSumryDocDetail.do?P_BSNS_NO=2016-00085
2016-00084,베트남 교통분야 DEEP사업('15-'20/500만불)...,2015,2020,https://www.oda.go.kr/opo/bsin/bsnsSumryDocDetail.do?P_BSNS_NO=2016-00084
2016-00083,베트남 호치민시 메트로 5호선 2단계 타당성조사 사업('15-'17/50...,2015,2017,https://www.oda.go.kr/opo/bsin/bsnsSumryDocDetail.do?P_BSNS_NO=2016-00083
2016-00082,카메룬 재생에너지개발 마스터플랜 수립사업('14-'18/200만불)...,2014,2018,https://www.oda.go.kr/opo/bsin/bsnsSumryDocDetail.do?P_BSNS_NO=2016-00082
2016-00081,페루 ICT 기반 혁신창업 활성화 지원사업('16-'24/800만불)...,2016,2024,https://www.oda.go.kr/opo/bsin/bsnsSumryDocDetail.do?P_BSNS_NO=2016-00081
2016-00079,콜롬비아 자동차부품산업 경쟁력 강화사업(‘16-’20/520만불)...,2016,2021,https://www.oda.go.kr/opo/bsin/bsnsSumryDocDetail.do?P_BSNS_NO=2016-00079
2016-00076,카메룬 전자정부 마스터플랜수립사업('15-'17/200만불)...,2015,2017,https://www.oda.go.kr/opo/bsin/bsnsSumryDocDetail.do?P_BSNS_NO=2016-00076
2016-00075,미얀마 한따와디 신공항인근 및 양곤 남서부 지역개발 마스터플랜 수립사업(...,2015,2017,https://www.oda.go.kr/opo/bsin/bsnsSumryDocDetail.do?P_BSNS_NO=2016-00075
2016-00074,미얀마 무역투자진흥기구 설립을 위한 마스터플랜 수립 및 무역투자 분야 인...,2014,2017,https://www.oda.go.kr/opo/bsin/bsnsSumryDocDetail.do?P_BSNS_NO=2016-00074
2016-00073,튀니지 UNDP 민주적 거버넌스 및 공공책임성 강화사업('16-'20/4...,2016,2021,https://www.oda.go.kr/opo/bsin/bsnsSumryDocDetail.do?P_BSNS_NO=2016-00073
2016-00072,이집트 한-이 기술대학 설립사업('16-'22/583만불)...,2016,2022,https://www.oda.go.kr/opo/bsin/bsnsSumryDocDetail.do?P_BSNS_NO=2016-00072
2016-00071,캄보디아 새마을운동기반 캄퐁참 국립농업대학 교육 및 연구개발 혁신역량강화...,2016,2021,https://www.oda.go.kr/opo/bsin/bsnsSumryDocDetail.do?P_BSNS_NO=2016-00071
2016-00068,필리핀 북부 일로일로 태풍피해 어항 복구사업('15-'24/748만불) ...,2015,2024,https://www.oda.go.kr/opo/bsin/bsnsSumryDocDetail.do?P_BSNS_NO=2016-00068
2016-00067,미얀마 농산물 유통센터 설립사업('16-'23/837만불)...,2016,2023,https://www.oda.go.kr/opo/bsin/bsnsSumryDocDetail.do?P_BSNS_NO=2016-00067
2016-00066,세네갈 지속가능한 미곡 가치사슬 강화사업(‘16-’22/850만불)...,2016,2022,https://www.oda.go.kr/opo/bsin/bsnsSumryDocDetail.do?P_BSNS_NO=2016-00066
2016-00065,DR콩고 농촌지도역량강화사업('16-'23/800만불)...,2016,2023,https://www.oda.go.kr/opo/bsin/bsnsSumryDocDetail.do?P_BSNS_NO=2016-00065
2016-00064,세네갈 농업생산성 증대사업('14-'19/300만불)...,2014,2019,https://www.oda.go.kr/opo/bsin/bsnsSumryDocDetail.do?P_BSNS_NO=2016-00064
2016-00062,솔로몬군도 국립대학교 수산인력양성 지원사업(‘14-’18/500만불)...,2014,2018,https://www.oda.go.kr/opo/bsin/bsnsSumryDocDetail.do?P_BSNS_NO=2016-00062
2016-00061,동티모르 국립수산양식기술원 지원사업('14-'19/600만불)...,2014,2019,https://www.oda.go.kr/opo/bsin/bsnsSumryDocDetail.do?P_BSNS_NO=2016-00061
2016-00060,탄자니아 잔지바 양식개발 지원사업('14-'19/360만불)...,2014,2019,https://www.oda.go.kr/opo/bsin/bsnsSumryDocDetail.do?P_BSNS_NO=2016-00060
2016-00058,미얀마 수확후 기술관리연구소 설립사업('14-'19/450만불)...,2014,2019,https://www.oda.go.kr/opo/bsin/bsnsSumryDocDetail.do?P_BSNS_NO=2016-00058
2016-00057,DR콩고 키치니 농촌종합개발사업('13-'17/300만불)...,2013,2017,https://www.oda.go.kr/opo/bsin/bsnsSumryDocDetail.do?P_BSNS_NO=2016-00057
2016-00056,"미얀마 농촌공동체 개발사업('14-'20/2,200만불)...",2014,2020,https://www.oda.go.kr/opo/bsin/bsnsSumryDocDetail.do?P_BSNS_NO=2016-00056
2016-00055,미얀마 내수면 수산양식산업 기반조성 사업('14-'18/441만불)...,2014,2018,https://www.oda.go.kr/opo/bsin/bsnsSumryDocDetail.do?P_BSNS_NO=2016-00055
2016-00054,미얀마 농업기계화를 위한 경지정리 및 농업기계훈련사업('13-'17/60...,2013,2017,https://www.oda.go.kr/opo/bsin/bsnsSumryDocDetail.do?P_BSNS_NO=2016-00054
2016-00053,가나 농민협동조합 역량강화사업('16-'21/618만불)...,2016,2021,https://www.oda.go.kr/opo/bsin/bsnsSumryDocDetail.do?P_BSNS_NO=2016-00053
2016-00052,"필리핀 UNDP 비사야스 동부사말지역 폐기물 관리, 직업훈련, 생계지원 ...",2014,2017,https://www.oda.go.kr/opo/bsin/bsnsSumryDocDetail.do?P_BSNS_NO=2016-00052
2016-00050,캄보디아 국가 지급결제시스템 구축사업('15-'20/800만불)...,2015,2021,https://www.oda.go.kr/opo/bsin/bsnsSumryDocDetail.do?P_BSNS_NO=2016-00050
2016-00049,미얀마 태양광발전을 통한 전력소외지역 생활여건 개선사업(2014-2018...,2014,2018,https://www.oda.go.kr/opo/bsin/bsnsSumryDocDetail.do?P_BSNS_NO=2016-00049
2016-00048,"아제르바이잔 코자밴드지역 상하수도 시설 구축사업('16-'23/1,070...",2016,2023,https://www.oda.go.kr/opo/bsin/bsnsSumryDocDetail.do?P_BSNS_NO=2016-00048
2016-00047,우즈베키스탄 ICT 기반의 수자원정보화 마스터플랜 수립 및 시설기반강화 ...,2016,2021,https://www.oda.go.kr/opo/bsin/bsnsSumryDocDetail.do?P_BSNS_NO=2016-00047
2016-00043,나이지리아 전자정부 역량강화사업('13-'19/856만불)...,2013,2019,https://www.oda.go.kr/opo/bsin/bsnsSumryDocDetail.do?P_BSNS_NO=2016-00043
2016-00042,"DR콩고 국립박물관 건립사업('12-'20/2,100만불)...",2012,2020,https://www.oda.go.kr/opo/bsin/bsnsSumryDocDetail.do?P_BSNS_NO=2016-00042
2016-00041,미얀마 법령정보시스템 구축 사업('15-'19/391만불)...,2015,2019,https://www.oda.go.kr/opo/bsin/bsnsSumryDocDetail.do?P_BSNS_NO=2016-00041
2016-00040,에콰도르 개표결과 전송시스템 선진화 지원사업('16~'17/133만불)...,2016,2017,https://www.oda.go.kr/opo/bsin/bsnsSumryDocDetail.do?P_BSNS_NO=2016-00040
2016-00037,베트남 폭력피해 여성 및 여아 예방 보호 모델 구축사업('16-'20/2...,2016,2021,https://www.oda.go.kr/opo/bsin/bsnsSumryDocDetail.do?P_BSNS_NO=2016-00037
2016-00036,방글라데시 마약통제 행정역량강화사업('16-'20/400만불)...,2016,2020,https://www.oda.go.kr/opo/bsin/bsnsSumryDocDetail.do?P_BSNS_NO=2016-00036
2016-00035,방글라데시 소방방재 역량강화사업('16-'22/835만불)...,2016,2022,https://www.oda.go.kr/opo/bsin/bsnsSumryDocDetail.do?P_BSNS_NO=2016-00035
2016-00034,필리핀 경찰 수사역량 강화사업('16-'22/660만불) ...,2016,2022,https://www.oda.go.kr/opo/bsin/bsnsSumryDocDetail.do?P_BSNS_NO=2016-00034
2016-00033,베트남 지가산정 역량강화 및 지가정보시스템 개선사업('16-'20/900...,2016,2020,https://www.oda.go.kr/opo/bsin/bsnsSumryDocDetail.do?P_BSNS_NO=2016-00033
2016-00032,"베트남 지뢰 및 불발탄 통합대응 역량강화사업('16-'21/2,000만불...",2016,2021,https://www.oda.go.kr/opo/bsin/bsnsSumryDocDetail.do?P_BSNS_NO=2016-00032
2016-00030,필리핀 비사야스 주립대 톨로사 캠퍼스 재건사업(‘14-’18/400만불)...,2014,2018,https://www.oda.go.kr/opo/bsin/bsnsSumryDocDetail.do?P_BSNS_NO=2016-00030
2016-00029,"네팔 통합적 지역개발을 위한 연구개발 인프라 구축사업(‘16-’23/1,...",2016,2023,https://www.oda.go.kr/opo/bsin/bsnsSumryDocDetail.do?P_BSNS_NO=2016-00029
2016-00028,라오스 청년동맹 IT센터 역량강화사업(‘16-’19/300만불)...,2016,2019,https://www.oda.go.kr/opo/bsin/bsnsSumryDocDetail.do?P_BSNS_NO=2016-00028
2016-00026,세네갈 고등기술전문대학(ISEP) 설립사업(`15-`21/940만불)...,2015,2021,https://www.oda.go.kr/opo/bsin/bsnsSumryDocDetail.do?P_BSNS_NO=2016-00026
2016-00025,동티모르 UNESCO 수학과학 교재개발 및 교사역량강화사업('14-'17...,2014,2017,https://www.oda.go.kr/opo/bsin/bsnsSumryDocDetail.do?P_BSNS_NO=2016-00025
2016-00024,동티모르 베코라 기술고등학교 지원사업('13-'17/905만불)...,2013,2017,https://www.oda.go.kr/opo/bsin/bsnsSumryDocDetail.do?P_BSNS_NO=2016-00024
2016-00023,"미얀마 직업기술교사교육원 설립사업('15-'23/1,305만불) ...",2015,2023,https://www.oda.go.kr/opo/bsin/bsnsSumryDocDetail.do?P_BSNS_NO=2016-00023
2016-00022,카메룬 국립직업훈련교육원 건립사업(`13-`21/680만불)...,2013,2021,https://www.oda.go.kr/opo/bsin/bsnsSumryDocDetail.do?P_BSNS_NO=2016-00022
2016-00021,"나이지리아 초중등시범학교단지 건립사업('13-'19/1,500만불)...",2013,2019,https://www.oda.go.kr/opo/bsin/bsnsSumryDocDetail.do?P_BSNS_NO=2016-00021
2016-00020,모잠비크 UNICEF 잠베지아주 초등학교 환경개선 및 보건인식개선 강화사...,2016,2021,https://www.oda.go.kr/opo/bsin/bsnsSumryDocDetail.do?P_BSNS_NO=2016-00020
2016-00019,앙골라 교사역량강화 및 지역사회 문해교육 2차사업(‘16-’19/260만...,2016,2019,https://www.oda.go.kr/opo/bsin/bsnsSumryDocDetail.do?P_BSNS_NO=2016-00019
2016-00018,필리핀 동부사말 기안 펠리페 아브리고 지역 거점 공공병원 재건사업('15...,2015,2023,https://www.oda.go.kr/opo/bsin/bsnsSumryDocDetail.do?P_BSNS_NO=2016-00018
2016-00017,스리랑카 마타라지역 모자보건의료역량강화사업 ('16-'22/900만불) ...,2016,2022,https://www.oda.go.kr/opo/bsin/bsnsSumryDocDetail.do?P_BSNS_NO=2016-00017
2016-00016,탄자니아 보건분야 공동재정지원('16-'18/690만불)...,2016,2018,https://www.oda.go.kr/opo/bsin/bsnsSumryDocDetail.do?P_BSNS_NO=2016-00016
2016-00015,세네갈 중부지역 식수위생개선사업(15-20/509만불)...,2015,2020,https://www.oda.go.kr/opo/bsin/bsnsSumryDocDetail.do?P_BSNS_NO=2016-00015
2016-00014,솔로몬군도 과달카날주 모자보건체계 역량강화사업(‘15-’21/600만불)...,2015,2021,https://www.oda.go.kr/opo/bsin/bsnsSumryDocDetail.do?P_BSNS_NO=2016-00014
2016-00013,동티모르 WFP 모자보건 영양개선사업('15-'17/360만불)...,2015,2017,https://www.oda.go.kr/opo/bsin/bsnsSumryDocDetail.do?P_BSNS_NO=2016-00013
2016-00012,동티모르 아이나로주 모성보건서비스 개선사업('15-'20/490만불)...,2015,2020,https://www.oda.go.kr/opo/bsin/bsnsSumryDocDetail.do?P_BSNS_NO=2016-00012
2016-00010,탄자니아 차니카 모자보건 서비스 개선사업('14-'19/425만불)...,2014,2019,https://www.oda.go.kr/opo/bsin/bsnsSumryDocDetail.do?P_BSNS_NO=2016-00010
2016-00009,DR콩고 반둔두주 5개 보건구역 말라리아퇴치 및 역량강화사업(2012-2...,2012,2017,https://www.oda.go.kr/opo/bsin/bsnsSumryDocDetail.do?P_BSNS_NO=2016-00009
2016-00008,DR콩고 모자보건 향상을 위한 Kwango 지역 보건역량강화 사업('13...,2013,2017,https://www.oda.go.kr/opo/bsin/bsnsSumryDocDetail.do?P_BSNS_NO=2016-00008
2016-00007,DR콩고 이디오파 식수 및 위생개선사업('12-'21/520만불)...,2012,2021,https://www.oda.go.kr/opo/bsin/bsnsSumryDocDetail.do?P_BSNS_NO=2016-00007
2016-00006,동티모르 WHO 소외열대질환 통합관리 프로그램('16-'22/650만불)...,2016,2022,https://www.oda.go.kr/opo/bsin/bsnsSumryDocDetail.do?P_BSNS_NO=2016-00006
2016-00005,"이라크 중환자 전문의료 서비스 역량강화사업(‘16-’23/3,950만불)...",2016,2023,https://www.oda.go.kr/opo/bsin/bsnsSumryDocDetail.do?P_BSNS_NO=2016-00005
2016-00004,코트디부아르 UNFPA 여성 누공치료 및 예방 2차 사업(‘16-’19/...,2016,2019,https://www.oda.go.kr/opo/bsin/bsnsSumryDocDetail.do?P_BSNS_NO=2016-00004
2016-00003,파라과이 취약계층 노인 보건의료복지센터 정책수립 지원사업('16-'22/...,2016,2022,https://www.oda.go.kr/opo/bsin/bsnsSumryDocDetail.do?P_BSNS_NO=2016-00003
2016-00002,파라과이 센트럴주 림삐오시 보건의료체계 형성 및 일차의료 강화사업(&ls...,2016,2023,https://www.oda.go.kr/opo/bsin/bsnsSumryDocDetail.do?P_BSNS_NO=2016-00002
2016-00001,가나 CHPS 기반의 지역보건체계 강화사업('16-'22/956만불)  ...,2016,2022,https://www.oda.go.kr/opo/bsin/bsnsSumryDocDetail.do?P_BSNS_NO=2016-00001
2015-01380,네팔 누와꼿군 지진피해보건분야 재건복구지원사업('15-'20/901만불)...,2015,2021,https://www.oda.go.kr/opo/bsin/bsnsSumryDocDetail.do?P_BSNS_NO=2015-01380
2015-00072,방글라데시 문화재 보존 및 관리 역량강화사업('15-'17/100만불)...,2015,2017,https://www.oda.go.kr/opo/bsin/bsnsSumryDocDetail.do?P_BSNS_NO=2015-00072
2015-00071,콜롬비아 대기환경 모니터링 시스템 구축 및 기술역량 강화사업('13-'1...,2013,2018,https://www.oda.go.kr/opo/bsin/bsnsSumryDocDetail.do?P_BSNS_NO=2015-00071
2015-00067,캄보디아 앙코르 유적 프레아피투사원 복원정비 기초사업('15-'19/40...,2015,2019,https://www.oda.go.kr/opo/bsin/bsnsSumryDocDetail.do?P_BSNS_NO=2015-00067
2015-00066,라오스-베트남 연결철도(라오스 비엔티엔-타켓-무디아-베트남 붕앙) 타당성...,2015,2018,https://www.oda.go.kr/opo/bsin/bsnsSumryDocDetail.do?P_BSNS_NO=2015-00066
2015-00065,모로코 세부강 유역 홍수방지 마스터플랜 수립사업('15-'18/400만불...,2015,2018,https://www.oda.go.kr/opo/bsin/bsnsSumryDocDetail.do?P_BSNS_NO=2015-00065
2015-00064,모잠비크 수자원 관리 마스터플랜 수립사업('15-'18/500만불)...,2015,2018,https://www.oda.go.kr/opo/bsin/bsnsSumryDocDetail.do?P_BSNS_NO=2015-00064
2015-00063,가나 송변전 HRD 인프라 구축사업('15-'17/260만불)...,2015,2017,https://www.oda.go.kr/opo/bsin/bsnsSumryDocDetail.do?P_BSNS_NO=2015-00063
2015-00061,베트남 고속도로 관리 및 제도 역량강화 사업('15-'19/150만불)...,2015,2019,https://www.oda.go.kr/opo/bsin/bsnsSumryDocDetail.do?P_BSNS_NO=2015-00061
2015-00060,베트남 그린시티 도시계획 의사결정시스템 구축사업('15-'18/650만불...,2015,2018,https://www.oda.go.kr/opo/bsin/bsnsSumryDocDetail.do?P_BSNS_NO=2015-00060
2015-00058,페루 국가문화유산 통합등록 및 관리시스템 구축사업('15-'23/800만...,2015,2023,https://www.oda.go.kr/opo/bsin/bsnsSumryDocDetail.do?P_BSNS_NO=2015-00058
2015-00057,페루 지속가능한 자원개발을 위한 광해관리 업무 정보화 시스템 구축사업('...,2015,2018,https://www.oda.go.kr/opo/bsin/bsnsSumryDocDetail.do?P_BSNS_NO=2015-00057
2015-00056,베트남 미래비전 DEEP 사업('15-'18/220만불)...,2015,2018,https://www.oda.go.kr/opo/bsin/bsnsSumryDocDetail.do?P_BSNS_NO=2015-00056
2015-00055,도미니카공화국 과학기술인력 양성사업('15-'21/444만불)...,2015,2021,https://www.oda.go.kr/opo/bsin/bsnsSumryDocDetail.do?P_BSNS_NO=2015-00055
2015-00053,우즈베키스탄 아동병원 의료인력 역량강화사업('15-'23/700만불)...,2015,2023,https://www.oda.go.kr/opo/bsin/bsnsSumryDocDetail.do?P_BSNS_NO=2015-00053
2015-00052,베트남 중부지역병원 사후관리 기술협력(Q-health) 사업('15-'2...,2015,2022,https://www.oda.go.kr/opo/bsin/bsnsSumryDocDetail.do?P_BSNS_NO=2015-00052
2015-00044,탄자니아 세렝게티 국립공원 홍보관 개선사업('15-'19/186만불)...,2015,2019,https://www.oda.go.kr/opo/bsin/bsnsSumryDocDetail.do?P_BSNS_NO=2015-00044
2015-00042,인도네시아 칠리웅강 복원 시범사업('13-'17/500만불)...,2013,2017,https://www.oda.go.kr/opo/bsin/bsnsSumryDocDetail.do?P_BSNS_NO=2015-00042
2015-00041,인도네시아 치타룸강 홍수예경보 시스템 개발사업('14-'17/500만불)...,2014,2017,https://www.oda.go.kr/opo/bsin/bsnsSumryDocDetail.do?P_BSNS_NO=2015-00041
2015-00040,중국 황사/미세먼지 관측망 운영 및 대처기술 역량강화사업(‘14-’18/...,2014,2018,https://www.oda.go.kr/opo/bsin/bsnsSumryDocDetail.do?P_BSNS_NO=2015-00040
2015-00039,라오스 불발탄 제거 지원사업('14-'18/300만불)...,2014,2018,https://www.oda.go.kr/opo/bsin/bsnsSumryDocDetail.do?P_BSNS_NO=2015-00039
2015-00038,필리핀 메트로 마닐라 홍수 조기경보 및 모니터링체계 구축사업 ('15-'...,2015,2019,https://www.oda.go.kr/opo/bsin/bsnsSumryDocDetail.do?P_BSNS_NO=2015-00038
2015-00037,에티오피아 오로미아주 도도타군 관개 및 농촌개발 역량강화사업('13-'2...,2013,2022,https://www.oda.go.kr/opo/bsin/bsnsSumryDocDetail.do?P_BSNS_NO=2015-00037
2015-00036,필리핀 농업용수 확보 및 홍수피해 저감을 위한 소규모저류시설 건설사업('...,2010,2019,https://www.oda.go.kr/opo/bsin/bsnsSumryDocDetail.do?P_BSNS_NO=2015-00036
2015-00035,파라과이 지속가능한 농촌개발 새마을운동 사업('15-'23/700만불)...,2015,2023,https://www.oda.go.kr/opo/bsin/bsnsSumryDocDetail.do?P_BSNS_NO=2015-00035
2015-00034,우간다 새마을운동 시범마을 건립사업('15-'18/295만불)...,2015,2018,https://www.oda.go.kr/opo/bsin/bsnsSumryDocDetail.do?P_BSNS_NO=2015-00034
2015-00031,"라오스 농촌공동체 개발사업(‘14-’20/1,455만불)...",2014,2021,https://www.oda.go.kr/opo/bsin/bsnsSumryDocDetail.do?P_BSNS_NO=2015-00031
2015-00030,필리핀 APEC 적정기술 보급 및 연구개발 역량강화 사업(‘14-’16/...,2014,2016,https://www.oda.go.kr/opo/bsin/bsnsSumryDocDetail.do?P_BSNS_NO=2015-00030
2015-00029,필리핀 파나이섬 고지대 새마을 농촌종합개발사업('15-'19/650만불)...,2015,2019,https://www.oda.go.kr/opo/bsin/bsnsSumryDocDetail.do?P_BSNS_NO=2015-00029
2015-00024,볼리비아 국가표준체계 국제 경쟁력 향상사업('15-'17/400만불)...,2015,2017,https://www.oda.go.kr/opo/bsin/bsnsSumryDocDetail.do?P_BSNS_NO=2015-00024
2015-00023,코트디부아르 아비장 도로개선 및 역량강화 사업('15-'18/500만불)...,2015,2018,https://www.oda.go.kr/opo/bsin/bsnsSumryDocDetail.do?P_BSNS_NO=2015-00023
2015-00021,키르기즈공화국 토지정보 종합관리시스템 구축사업('15-'18/400만불)...,2015,2018,https://www.oda.go.kr/opo/bsin/bsnsSumryDocDetail.do?P_BSNS_NO=2015-00021
2015-00019,코트디부아르 한-코 협력센터 건립사업(15-20/950만불)...,2015,2020,https://www.oda.go.kr/opo/bsin/bsnsSumryDocDetail.do?P_BSNS_NO=2015-00019
2015-00018,튀니지 국민참여 및 부패방지를 위한 시스템(국민신문고) 구축사업('15-...,2015,2018,https://www.oda.go.kr/opo/bsin/bsnsSumryDocDetail.do?P_BSNS_NO=2015-00018
2015-00016,우간다 엔테베 국제공항 시스템 개선사업('14-'22/950만불)...,2014,2022,https://www.oda.go.kr/opo/bsin/bsnsSumryDocDetail.do?P_BSNS_NO=2015-00016
2015-00015,스리랑카 과학수사 역량강화사업('15-'17/320만불)...,2015,2017,https://www.oda.go.kr/opo/bsin/bsnsSumryDocDetail.do?P_BSNS_NO=2015-00015
2015-00013,팔레스타인 창.취업 지원프로그램('15-'20/700만불)...,2015,2021,https://www.oda.go.kr/opo/bsin/bsnsSumryDocDetail.do?P_BSNS_NO=2015-00013
2015-00012,네팔 기술교사 역량강화를 통한 기술직업교육훈련 질 제고사업('15-'20...,2015,2022,https://www.oda.go.kr/opo/bsin/bsnsSumryDocDetail.do?P_BSNS_NO=2015-00012
2015-00011,"스리랑카 기술계 교사 양성 및 재교육사업('15'-'25'/1,495만불...",2015,2025,https://www.oda.go.kr/opo/bsin/bsnsSumryDocDetail.do?P_BSNS_NO=2015-00011
2015-00010,방글라데시 라즈샤히 직업훈련원 역량강화사업('15-'20/850만불)...,2015,2021,https://www.oda.go.kr/opo/bsin/bsnsSumryDocDetail.do?P_BSNS_NO=2015-00010
2015-00007,수단 주혈흡충 및 소외열대질환 퇴치사업('15-'19/600만불)...,2015,2019,https://www.oda.go.kr/opo/bsin/bsnsSumryDocDetail.do?P_BSNS_NO=2015-00007
2015-00006,에티오피아 오로미아주 모자보건 및 가족계획 역량강화사업('15-'23/1...,2015,2023,https://www.oda.go.kr/opo/bsin/bsnsSumryDocDetail.do?P_BSNS_NO=2015-00006
2015-00005,"에티오피아 통합보건 역량강화사업('15-'22/600만불)	...",2015,2022,https://www.oda.go.kr/opo/bsin/bsnsSumryDocDetail.do?P_BSNS_NO=2015-00005
2015-00003,라오스 경찰병원 역량강화사업(‘14-'23/500만불)...,2014,2023,https://www.oda.go.kr/opo/bsin/bsnsSumryDocDetail.do?P_BSNS_NO=2015-00003
2015-00002,방글라데시 KOICA-UNICEF 예방 가능한 아동사망 감소를 위한 모자...,2015,2019,https://www.oda.go.kr/opo/bsin/bsnsSumryDocDetail.do?P_BSNS_NO=2015-00002
2015-00001,필리핀 WHO 다바오 지역보건체계 강화 모자보건 사업('15-'18/30...,2015,2018,https://www.oda.go.kr/opo/bsin/bsnsSumryDocDetail.do?P_BSNS_NO=2015-00001
2014-00086,인도네시아 광해실태조사 및 시범복구사업('14-'18/320만불)...,2014,2018,https://www.oda.go.kr/opo/bsin/bsnsSumryDocDetail.do?P_BSNS_NO=2014-00086
2014-00085,베트남 라오까이성 새마을운동 사업(라오까이성 행복프로그램) ('14-'1...,2014,2019,https://www.oda.go.kr/opo/bsin/bsnsSumryDocDetail.do?P_BSNS_NO=2014-00085
2014-00084,베트남 꽝찌성 새마을 운동 사업 (꽝찌성 행복프로그램) ('14-'19/...,2014,2019,https://www.oda.go.kr/opo/bsin/bsnsSumryDocDetail.do?P_BSNS_NO=2014-00084
2014-00083,알제리 어업 및 양식 생산력의 지속가능한 증대 및 산업화 컨설팅 사업('...,2014,2019,https://www.oda.go.kr/opo/bsin/bsnsSumryDocDetail.do?P_BSNS_NO=2014-00083
2014-00082,베트남 향강종합개발 지원사업('14-'18/ 600만불)...,2014,2018,https://www.oda.go.kr/opo/bsin/bsnsSumryDocDetail.do?P_BSNS_NO=2014-00082
2014-00081,필리핀 중부지역 해양 교통시설 마스터플랜 수립사업('14-'17/220만...,2014,2017,https://www.oda.go.kr/opo/bsin/bsnsSumryDocDetail.do?P_BSNS_NO=2014-00081
2014-00079,캄보디아 증권시장 발전지원사업('14-'18/250만불)...,2014,2018,https://www.oda.go.kr/opo/bsin/bsnsSumryDocDetail.do?P_BSNS_NO=2014-00079
2014-00078,캄보디아 항만물류기능 활성화를 위한 수로개선 타당성 조사사업('14-'1...,2014,2017,https://www.oda.go.kr/opo/bsin/bsnsSumryDocDetail.do?P_BSNS_NO=2014-00078
2014-00077,파라과이 국가 항공발전 마스터플랜 수립사업 ('14-'17/300만불)...,2014,2017,https://www.oda.go.kr/opo/bsin/bsnsSumryDocDetail.do?P_BSNS_NO=2014-00077
2014-00075,콜롬비아 깔리시 주택단지 개발 타당성조사 사업('14-'17/170만불)...,2014,2017,https://www.oda.go.kr/opo/bsin/bsnsSumryDocDetail.do?P_BSNS_NO=2014-00075
2014-00074,라오스 지도제작 인력양성 및 지형도 제작사업('14-'17/350만불)...,2014,2017,https://www.oda.go.kr/opo/bsin/bsnsSumryDocDetail.do?P_BSNS_NO=2014-00074
2014-00073,인도네시아 국가도로통합데이터센터 마스터플랜 수립 및 시범시스템 구축사업(...,2014,2017,https://www.oda.go.kr/opo/bsin/bsnsSumryDocDetail.do?P_BSNS_NO=2014-00073
2014-00072,요르단 전자조달 시스템 구축사업('14-'17/850만불)...,2014,2017,https://www.oda.go.kr/opo/bsin/bsnsSumryDocDetail.do?P_BSNS_NO=2014-00072
2014-00071,몽골 중기 재정계획 수립 역량강화 및 지원시스템 구축사업('14-'18/...,2014,2018,https://www.oda.go.kr/opo/bsin/bsnsSumryDocDetail.do?P_BSNS_NO=2014-00071
2014-00070,방글라데시 전자정부 발전을 위한 마스터플랜 수립 및 역량강화 사업('14...,2014,2020,https://www.oda.go.kr/opo/bsin/bsnsSumryDocDetail.do?P_BSNS_NO=2014-00070
2014-00069,모잠비크 잠베지지역 지도제작사업('14-'17/450만불)...,2014,2017,https://www.oda.go.kr/opo/bsin/bsnsSumryDocDetail.do?P_BSNS_NO=2014-00069
2014-00068,케냐 국가산업훈련청 역량강화사업(`14-`21/400만불)...,2014,2021,https://www.oda.go.kr/opo/bsin/bsnsSumryDocDetail.do?P_BSNS_NO=2014-00068
2014-00067,르완다 산업연구개발 역량강화사업('14-'19/250만불)...,2014,2019,https://www.oda.go.kr/opo/bsin/bsnsSumryDocDetail.do?P_BSNS_NO=2014-00067
2014-00066,르완다 국세 및 관세 서비스 역량강화사업('14-'17/280만불)...,2014,2017,https://www.oda.go.kr/opo/bsin/bsnsSumryDocDetail.do?P_BSNS_NO=2014-00066
2014-00064,"미얀마 개발연구원 설립사업('14-'23/2,000만불) ...",2014,2023,https://www.oda.go.kr/opo/bsin/bsnsSumryDocDetail.do?P_BSNS_NO=2014-00064
2014-00063,인도네시아 전자정부 추진을 위한 보안긴급대응 및 국가인증체계 구축사업('...,2014,2017,https://www.oda.go.kr/opo/bsin/bsnsSumryDocDetail.do?P_BSNS_NO=2014-00063
2014-00062,이집트 통합기술교육 클러스터 마스터플랜 수립사업('14-'17/100만불...,2014,2017,https://www.oda.go.kr/opo/bsin/bsnsSumryDocDetail.do?P_BSNS_NO=2014-00062
2014-00056,에티오피아 재해경감을 위한 기상관측 및 조기경보시스템 구축사업('14-'...,2014,2018,https://www.oda.go.kr/opo/bsin/bsnsSumryDocDetail.do?P_BSNS_NO=2014-00056
2014-00055,몽골 광해관리 마스터플랜 수립 및 역량강화사업('14-'20/580만불)...,2014,2021,https://www.oda.go.kr/opo/bsin/bsnsSumryDocDetail.do?P_BSNS_NO=2014-00055
2014-00051,레바논 원예작물 수확 후 관리기술 지원사업('14-'18/220만불)...,2014,2018,https://www.oda.go.kr/opo/bsin/bsnsSumryDocDetail.do?P_BSNS_NO=2014-00051
2014-00050,튀니지 코르크 참나무숲 복원 시범사업('14-'19/200만불)...,2014,2019,https://www.oda.go.kr/opo/bsin/bsnsSumryDocDetail.do?P_BSNS_NO=2014-00050
2014-00049,캄보디아 농촌공동체 개발사업('14-'20/895만불)...,2014,2020,https://www.oda.go.kr/opo/bsin/bsnsSumryDocDetail.do?P_BSNS_NO=2014-00049
2014-00048,에콰도르 침보라소주 관개수로건설 및 영농기술지원 2차 사업('14-'18...,2014,2018,https://www.oda.go.kr/opo/bsin/bsnsSumryDocDetail.do?P_BSNS_NO=2014-00048
2014-00047,네팔 농촌공동체 개발사업('14-'22/800만불)...,2014,2022,https://www.oda.go.kr/opo/bsin/bsnsSumryDocDetail.do?P_BSNS_NO=2014-00047
2014-00044,"르완다 농촌공동체 지원사업('14-'19/1,100만불)...",2014,2019,https://www.oda.go.kr/opo/bsin/bsnsSumryDocDetail.do?P_BSNS_NO=2014-00044
2014-00038,인도네시아 국가시설물 안전진단 역량강화사업('14-'17/200만불)...,2014,2017,https://www.oda.go.kr/opo/bsin/bsnsSumryDocDetail.do?P_BSNS_NO=2014-00038
2014-00035,모로코 산업통계 측정 및 활용 역량강화사업('14-'19/645만불)...,2014,2019,https://www.oda.go.kr/opo/bsin/bsnsSumryDocDetail.do?P_BSNS_NO=2014-00035
2014-00033,베트남 경찰대 전자도서관 구축사업('14-'17/230만불)...,2014,2017,https://www.oda.go.kr/opo/bsin/bsnsSumryDocDetail.do?P_BSNS_NO=2014-00033
2014-00032,과테말라 치안 강화를 위한 경찰교육 시스템 개선사업('14-'20/398...,2014,2021,https://www.oda.go.kr/opo/bsin/bsnsSumryDocDetail.do?P_BSNS_NO=2014-00032
2014-00031,엘살바도르 치안강화를 위한 차량 자동인식 시스템 구축사업('14-'20/...,2014,2021,https://www.oda.go.kr/opo/bsin/bsnsSumryDocDetail.do?P_BSNS_NO=2014-00031
2014-00030,페루 중소 수출입기업을 위한 전자무역업무 개선사업('14-'21/500만...,2014,2021,https://www.oda.go.kr/opo/bsin/bsnsSumryDocDetail.do?P_BSNS_NO=2014-00030
2014-00029,팔레스타인 공무원교육원 설립사업('14-'20/700만불)...,2014,2021,https://www.oda.go.kr/opo/bsin/bsnsSumryDocDetail.do?P_BSNS_NO=2014-00029
2014-00028,우즈베키스탄 표준청 국제동등성 확보 지원 및 통합시스템 구축사업('14-...,2014,2021,https://www.oda.go.kr/opo/bsin/bsnsSumryDocDetail.do?P_BSNS_NO=2014-00028
2014-00027,르완다 공무원 행정역량 강화사업('14-'18/400만불)...,2014,2018,https://www.oda.go.kr/opo/bsin/bsnsSumryDocDetail.do?P_BSNS_NO=2014-00027
2014-00024,투르크메니스탄 가스직업훈련원 역량강화사업(14-21/598만불)...,2014,2021,https://www.oda.go.kr/opo/bsin/bsnsSumryDocDetail.do?P_BSNS_NO=2014-00024
2014-00022,베트남 하노이 개방대학교 개선사업('14-'19/300만불)...,2014,2019,https://www.oda.go.kr/opo/bsin/bsnsSumryDocDetail.do?P_BSNS_NO=2014-00022
2014-00021,베트남 한베 산업기술대학 3차지원사업('14-'19/600만불)...,2014,2019,https://www.oda.go.kr/opo/bsin/bsnsSumryDocDetail.do?P_BSNS_NO=2014-00021
2014-00020,"베트남 한베 과학기술연구원(V-KIST)설립지원 사업('14-'20/3,...",2014,2022,https://www.oda.go.kr/opo/bsin/bsnsSumryDocDetail.do?P_BSNS_NO=2014-00020
2014-00019,요르단 청각장애 특수학교 건립사업('14-'17/520만불)...,2014,2017,https://www.oda.go.kr/opo/bsin/bsnsSumryDocDetail.do?P_BSNS_NO=2014-00019
2014-00018,우즈베키스탄 사흐리사브즈시 훈련센터 설립 및 직업훈련 역량강화 컨설팅사업...,2014,2019,https://www.oda.go.kr/opo/bsin/bsnsSumryDocDetail.do?P_BSNS_NO=2014-00018
2014-00017,아제르바이잔 교사역량강화 및 교육정보화 지원사업(14-23/600만불)...,2014,2023,https://www.oda.go.kr/opo/bsin/bsnsSumryDocDetail.do?P_BSNS_NO=2014-00017
2014-00016,이라크 한-이라크 직업훈련원 2차 지원사업(`14-`23/500만불)...,2014,2023,https://www.oda.go.kr/opo/bsin/bsnsSumryDocDetail.do?P_BSNS_NO=2014-00016
2014-00015,케냐 초등학교 환경개선 및 역량강화사업('14-'19/425만불)...,2014,2019,https://www.oda.go.kr/opo/bsin/bsnsSumryDocDetail.do?P_BSNS_NO=2014-00015
2014-00014,르완다 직업교육훈련 역량강화사업('14-'19/500만불)...,2014,2019,https://www.oda.go.kr/opo/bsin/bsnsSumryDocDetail.do?P_BSNS_NO=2014-00014
2014-00013,라오스 수파누봉대학교 교육역량강화사업('14-'18/326만불)...,2014,2018,https://www.oda.go.kr/opo/bsin/bsnsSumryDocDetail.do?P_BSNS_NO=2014-00013
2014-00010,필리핀 통합의료정보체계 구축사업('14-'18/510만불)...,2014,2018,https://www.oda.go.kr/opo/bsin/bsnsSumryDocDetail.do?P_BSNS_NO=2014-00010
2014-00008,에콰도르 과야스주 보건의료센터 건립 및 의료인력 역량강화사업('14-'2...,2014,2020,https://www.oda.go.kr/opo/bsin/bsnsSumryDocDetail.do?P_BSNS_NO=2014-00008
2014-00006,아프가니스탄 카불시 바르치 지역 식수개발사업('14-'22/650만불)...,2014,2022,https://www.oda.go.kr/opo/bsin/bsnsSumryDocDetail.do?P_BSNS_NO=2014-00006
2014-00004,요르단 3개 지역 보건소 건립사업('14-'19/516만불)...,2014,2019,https://www.oda.go.kr/opo/bsin/bsnsSumryDocDetail.do?P_BSNS_NO=2014-00004
2014-00003,방글라데시 안질환 예방 및 치료역량강화사업('14-'23/940만불)...,2014,2023,https://www.oda.go.kr/opo/bsin/bsnsSumryDocDetail.do?P_BSNS_NO=2014-00003
2014-00002,케냐 분고마 추웰레지역 식수개발사업('14-'19/500만불)...,2014,2019,https://www.oda.go.kr/opo/bsin/bsnsSumryDocDetail.do?P_BSNS_NO=2014-00002
2013-00094,베트남 한베 친선 IT 대학 4년제 승격지원사업('13-'20/520만불...,2013,2020,https://www.oda.go.kr/opo/bsin/bsnsSumryDocDetail.do?P_BSNS_NO=2013-00094
2013-00092,우간다 농가공 및 마케팅 전략수립사업('13-'17/267만불)...,2013,2017,https://www.oda.go.kr/opo/bsin/bsnsSumryDocDetail.do?P_BSNS_NO=2013-00092
2013-00087,스리랑카 콜롬보 첨단 교통관리 시스템 구축 기술지원사업('13-'17/2...,2013,2017,https://www.oda.go.kr/opo/bsin/bsnsSumryDocDetail.do?P_BSNS_NO=2013-00087
2013-00084,"몽골 광물자원개발, 인프라구축 및 재원조달을 위한 마스터플랜수립사업('1...",2013,2016,https://www.oda.go.kr/opo/bsin/bsnsSumryDocDetail.do?P_BSNS_NO=2013-00084
2013-00082,모로코 무역역량 강화사업('13-'17/295만불)...,2013,2017,https://www.oda.go.kr/opo/bsin/bsnsSumryDocDetail.do?P_BSNS_NO=2013-00082
2013-00078,콜롬비아 과학기술혁신단지 역량강화를 위한 마스터플랜 구축사업('13-'1...,2013,2016,https://www.oda.go.kr/opo/bsin/bsnsSumryDocDetail.do?P_BSNS_NO=2013-00078
2013-00077,"몽골 울란바타르시 1:1,000 지형도제작 2차사업('13-'15/320...",2013,2015,https://www.oda.go.kr/opo/bsin/bsnsSumryDocDetail.do?P_BSNS_NO=2013-00077
2013-00073,네팔 의료보험 제도구축 지원사업('13-'20/450만불)...,2013,2020,https://www.oda.go.kr/opo/bsin/bsnsSumryDocDetail.do?P_BSNS_NO=2013-00073
2013-00069,르완다 야루구루 농촌종합개발사업('13-'18/500만불)...,2013,2018,https://www.oda.go.kr/opo/bsin/bsnsSumryDocDetail.do?P_BSNS_NO=2013-00069
2013-00066,우즈베키스탄 나보이 지역 조림사업('13-'17/250만불)...,2013,2017,https://www.oda.go.kr/opo/bsin/bsnsSumryDocDetail.do?P_BSNS_NO=2013-00066
2013-00065,엘살바도르 El Porvenir 지역 주민공동체 기반 지속가능한 농촌개발...,2013,2018,https://www.oda.go.kr/opo/bsin/bsnsSumryDocDetail.do?P_BSNS_NO=2013-00065
2013-00064,볼리비아 고원지역 농업기계화 및 농민 역량강화를 통한 생산성증대 지원사업...,2013,2025,https://www.oda.go.kr/opo/bsin/bsnsSumryDocDetail.do?P_BSNS_NO=2013-00064
2013-00063,몽골 친환경 농업생산성 향상 지원사업('13-'15/160만불)...,2013,2015,https://www.oda.go.kr/opo/bsin/bsnsSumryDocDetail.do?P_BSNS_NO=2013-00063
2013-00062,몽골 농식품 안전관리 역량강화사업('13-'15/100만불)...,2013,2015,https://www.oda.go.kr/opo/bsin/bsnsSumryDocDetail.do?P_BSNS_NO=2013-00062
2013-00061,필리핀 우량 벼종자 생산 및 보급 역량강화 사업('13-'17/400만불...,2013,2017,https://www.oda.go.kr/opo/bsin/bsnsSumryDocDetail.do?P_BSNS_NO=2013-00061
2013-00060,필리핀 퀴리노주 농업종합개발사업 ('13-'17/500만불)...,2013,2017,https://www.oda.go.kr/opo/bsin/bsnsSumryDocDetail.do?P_BSNS_NO=2013-00060
2013-00059,파키스탄 국립섬유대학 산업용섬유센터 설립사업('13-'17/300만불)...,2013,2017,https://www.oda.go.kr/opo/bsin/bsnsSumryDocDetail.do?P_BSNS_NO=2013-00059
2013-00054,"캄보디아 민간항공 관리역량 제고 및 교육센터 건립사업('13-'18/1,...",2013,2018,https://www.oda.go.kr/opo/bsin/bsnsSumryDocDetail.do?P_BSNS_NO=2013-00054
2013-00051,우즈베키스탄 전염성 질병 관리역량강화사업 ('13-'19/600만불)...,2013,2019,https://www.oda.go.kr/opo/bsin/bsnsSumryDocDetail.do?P_BSNS_NO=2013-00051
2013-00050,이라크 KRG 쿠르드 공무원교육원(KIPA) 역량강화지원사업('13-'1...,2013,2018,https://www.oda.go.kr/opo/bsin/bsnsSumryDocDetail.do?P_BSNS_NO=2013-00050
2013-00047,르완다 ICT 혁신 역량강화 사업('13-'19/560만불)...,2013,2019,https://www.oda.go.kr/opo/bsin/bsnsSumryDocDetail.do?P_BSNS_NO=2013-00047
2013-00044,네팔 정보재난복구센터 구축사업('13-'21/547만불) ...,2013,2021,https://www.oda.go.kr/opo/bsin/bsnsSumryDocDetail.do?P_BSNS_NO=2013-00044
2013-00042,온두라스 치안역량강화사업('13-'21/550만불)...,2013,2021,https://www.oda.go.kr/opo/bsin/bsnsSumryDocDetail.do?P_BSNS_NO=2013-00042
2013-00041,몽골 출입국 관리 및 보안 시스템 현대화 사업('13-'16/700만불)...,2013,2016,https://www.oda.go.kr/opo/bsin/bsnsSumryDocDetail.do?P_BSNS_NO=2013-00041
2013-00040,몽골 국회 의정활동 지원시스템 구축사업('13-'15/350만불)...,2013,2015,https://www.oda.go.kr/opo/bsin/bsnsSumryDocDetail.do?P_BSNS_NO=2013-00040
2013-00039,몽골 국유재산관리 정보화시스템 구축사업('13-'15/100만불)...,2013,2015,https://www.oda.go.kr/opo/bsin/bsnsSumryDocDetail.do?P_BSNS_NO=2013-00039
2013-00038,인도네시아 IT 행정 역량강화사업('13-'17/370만불)...,2013,2017,https://www.oda.go.kr/opo/bsin/bsnsSumryDocDetail.do?P_BSNS_NO=2013-00038
2013-00036,베트남 법원연수원 역량강화사업('13- '17/954만불)...,2013,2017,https://www.oda.go.kr/opo/bsin/bsnsSumryDocDetail.do?P_BSNS_NO=2013-00036
2013-00034,팔레스타인 제닌 청소년센터 건립사업('13-'18/360만불)...,2013,2018,https://www.oda.go.kr/opo/bsin/bsnsSumryDocDetail.do?P_BSNS_NO=2013-00034
2013-00033,팔레스타인 바이오 연구센터 설립사업('13-'19/300만불)...,2013,2019,https://www.oda.go.kr/opo/bsin/bsnsSumryDocDetail.do?P_BSNS_NO=2013-00033
2013-00032,"이라크 KRG 아르빌, 할랍자 교육환경 개선사업('13-'19/940만불...",2013,2019,https://www.oda.go.kr/opo/bsin/bsnsSumryDocDetail.do?P_BSNS_NO=2013-00032
2013-00031,이라크 국립대학 및 정부기관 어학실습실 구축사업('13-'21/698만불...,2013,2021,https://www.oda.go.kr/opo/bsin/bsnsSumryDocDetail.do?P_BSNS_NO=2013-00031
2013-00030,르완다 키추키로 종합기술훈련원 2차지원사업('13-'18/530만불)...,2013,2018,https://www.oda.go.kr/opo/bsin/bsnsSumryDocDetail.do?P_BSNS_NO=2013-00030
2013-00029,모잠비크 마톨라 산업학교 역량강화사업('13-'18/745만불)...,2013,2018,https://www.oda.go.kr/opo/bsin/bsnsSumryDocDetail.do?P_BSNS_NO=2013-00029
2013-00028,에티오피아 아다마 과학기술대학 ICT 교육역량강화사업('13-'17/55...,2013,2017,https://www.oda.go.kr/opo/bsin/bsnsSumryDocDetail.do?P_BSNS_NO=2013-00028
2013-00027,에티오피아 티그라이주 직업훈련학교 건립사업('13-'19/687만불)...,2013,2019,https://www.oda.go.kr/opo/bsin/bsnsSumryDocDetail.do?P_BSNS_NO=2013-00027
2013-00026,에티오피아 오로미아주 라디오방송을 통한 초등교육역량강화사업('13-'22...,2013,2022,https://www.oda.go.kr/opo/bsin/bsnsSumryDocDetail.do?P_BSNS_NO=2013-00026
2013-00024,스리랑카 기능대학(CoT) 및 훈련원(TC) 자동차공과 개선사업('13-...,2013,2017,https://www.oda.go.kr/opo/bsin/bsnsSumryDocDetail.do?P_BSNS_NO=2013-00024
2013-00022,우즈베키스탄 사마르칸트 직업훈련교육 역량강화사업('13-'17/640만불...,2013,2017,https://www.oda.go.kr/opo/bsin/bsnsSumryDocDetail.do?P_BSNS_NO=2013-00022
2013-00020,아이티 까라꼴 의류기술 훈련원 건립사업('13-'17/373만불)...,2013,2017,https://www.oda.go.kr/opo/bsin/bsnsSumryDocDetail.do?P_BSNS_NO=2013-00020
2013-00019,방글라데시 화학산업 기술훈련원 역량강화사업(`13-`18/500만불)...,2013,2018,https://www.oda.go.kr/opo/bsin/bsnsSumryDocDetail.do?P_BSNS_NO=2013-00019
2013-00018,베트남 중부고원 소수민족 청소년 직업대학 향상사업('13-'17/500만...,2013,2017,https://www.oda.go.kr/opo/bsin/bsnsSumryDocDetail.do?P_BSNS_NO=2013-00018
2013-00017,베트남 산업안전보건 훈련센터 개발 역량강화사업('13-'17/340만불)...,2013,2017,https://www.oda.go.kr/opo/bsin/bsnsSumryDocDetail.do?P_BSNS_NO=2013-00017
2013-00016,팔레스타인 국립 약물중독 재활치료센터 설립사업('13-'19/500만불)...,2013,2019,https://www.oda.go.kr/opo/bsin/bsnsSumryDocDetail.do?P_BSNS_NO=2013-00016
2013-00015,에티오피아 SNNPR 구라게존 식수위생환경 개선사업('13-'19/900...,2013,2019,https://www.oda.go.kr/opo/bsin/bsnsSumryDocDetail.do?P_BSNS_NO=2013-00015
2013-00014,에티오피아 인구 및 생식보건 인식개선 캠페인 지원사업('13-'18/65...,2013,2018,https://www.oda.go.kr/opo/bsin/bsnsSumryDocDetail.do?P_BSNS_NO=2013-00014
2013-00013,가나 볼타지역 모자보건 개선사업('13-'17/600만불)...,2013,2017,https://www.oda.go.kr/opo/bsin/bsnsSumryDocDetail.do?P_BSNS_NO=2013-00013
2013-00012,네팔 무구지역 모자보건환경 개선사업('13-'21/540만불) ...,2013,2021,https://www.oda.go.kr/opo/bsin/bsnsSumryDocDetail.do?P_BSNS_NO=2013-00012
2013-00010,라오스 통합모자보건 및 소아과 의료인력 교육사업('13-'18/950만불...,2013,2018,https://www.oda.go.kr/opo/bsin/bsnsSumryDocDetail.do?P_BSNS_NO=2013-00010
2013-00009,엘살바도르 한-엘 의료센터 건립사업('13-'20/355만불)...,2013,2020,https://www.oda.go.kr/opo/bsin/bsnsSumryDocDetail.do?P_BSNS_NO=2013-00009
2013-00008,파라과이 산빠블로 모자병원 역량강화사업('13-'20/847만불)...,2013,2020,https://www.oda.go.kr/opo/bsin/bsnsSumryDocDetail.do?P_BSNS_NO=2013-00008
2013-00007,볼리비아 엘알또 한국병원 3차 지원사업('13-'22/970만불)...,2013,2022,https://www.oda.go.kr/opo/bsin/bsnsSumryDocDetail.do?P_BSNS_NO=2013-00007
2013-00006,페루 파차쿠텍 보건의료 역량강화사업('13-'20/347만불)...,2013,2020,https://www.oda.go.kr/opo/bsin/bsnsSumryDocDetail.do?P_BSNS_NO=2013-00006
2013-00005,페루 찬차마요 보건의료 역량강화사업('13-'18/279만불)...,2013,2018,https://www.oda.go.kr/opo/bsin/bsnsSumryDocDetail.do?P_BSNS_NO=2013-00005
2013-00004,페루 리마 및 까야오 건강증진 프로그램('13-'18/785만불)...,2013,2018,https://www.oda.go.kr/opo/bsin/bsnsSumryDocDetail.do?P_BSNS_NO=2013-00004
2013-00003,필리핀 일로일로주 지역보건 역량강화사업('13-'17/700만불)...,2013,2017,https://www.oda.go.kr/opo/bsin/bsnsSumryDocDetail.do?P_BSNS_NO=2013-00003
2013-00001,캄보디아 국립소아병원 기능개선사업('13-'18/728만불)...,2013,2018,https://www.oda.go.kr/opo/bsin/bsnsSumryDocDetail.do?P_BSNS_NO=2013-00001
2012-00029,인도네시아 팔렘방시 배수시설 개선을 위한 마스터플랜 및 타당성조사사업('...,2012,2017,https://www.oda.go.kr/opo/bsin/bsnsSumryDocDetail.do?P_BSNS_NO=2012-00029
2012-00010,방글라데시 사이버범죄수사 역량강화사업('12-'17/300만불)...,2012,2017,https://www.oda.go.kr/opo/bsin/bsnsSumryDocDetail.do?P_BSNS_NO=2012-00010
2012-00009,방글라데시 도로교통공단 교통행정정보 전산화사업('12-'17/270만불)...,2012,2017,https://www.oda.go.kr/opo/bsin/bsnsSumryDocDetail.do?P_BSNS_NO=2012-00009
2012-00006,에티오피아 참전용사후손 직업역량배양사업('12-'18/900만불)...,2012,2018,https://www.oda.go.kr/opo/bsin/bsnsSumryDocDetail.do?P_BSNS_NO=2012-00006
2012-00001,"방글라데시 간호전문 대학원 설립사업('12-'19/1,375만불)...",2012,2019,https://www.oda.go.kr/opo/bsin/bsnsSumryDocDetail.do?P_BSNS_NO=2012-00001
2011-00073,우즈베키스탄 배전손실감소 마스터플랜 수립 및 AMR 시범사업('11-'1...,2011,2013,https://www.oda.go.kr/opo/bsin/bsnsSumryDocDetail.do?P_BSNS_NO=2011-00073
2011-00063,콜롬비아 산업클러스터 기반 중소기업 생산경쟁력 강화사업('11-'19/3...,2011,2019,https://www.oda.go.kr/opo/bsin/bsnsSumryDocDetail.do?P_BSNS_NO=2011-00063
2011-00056,우즈베키스탄 시범온실 지원사업('11-'14/400만불)...,2011,2014,https://www.oda.go.kr/opo/bsin/bsnsSumryDocDetail.do?P_BSNS_NO=2011-00056
2011-00055,콜롬비아 농촌지역 빈곤퇴치사업('11-'17/500만불)...,2011,2017,https://www.oda.go.kr/opo/bsin/bsnsSumryDocDetail.do?P_BSNS_NO=2011-00055
2011-00054,볼리비아 추키사카주 저수용댐 축조 및 관개수로 건설사업('11-'23/1...,2011,2023,https://www.oda.go.kr/opo/bsin/bsnsSumryDocDetail.do?P_BSNS_NO=2011-00054
2011-00052,우간다 농업지도자연수원 건립사업('11-'17/440만불)...,2011,2017,https://www.oda.go.kr/opo/bsin/bsnsSumryDocDetail.do?P_BSNS_NO=2011-00052
2011-00051,우간다 과일가공공장 건립사업('11-'19/800만불)...,2011,2019,https://www.oda.go.kr/opo/bsin/bsnsSumryDocDetail.do?P_BSNS_NO=2011-00051
2011-00050,수단 농업기술훈련원 건립사업('11-'18/666만불)...,2011,2018,https://www.oda.go.kr/opo/bsin/bsnsSumryDocDetail.do?P_BSNS_NO=2011-00050
2011-00048,앙골라 수산자원 조성기술 역량강화사업('11-'18/645만불)...,2011,2018,https://www.oda.go.kr/opo/bsin/bsnsSumryDocDetail.do?P_BSNS_NO=2011-00048
2011-00044,미얀마 농산물 수확후 기술관리 지원사업('11-'14/350만불)...,2011,2014,https://www.oda.go.kr/opo/bsin/bsnsSumryDocDetail.do?P_BSNS_NO=2011-00044
2011-00043,몽골 할흐골 시범농장 개발사업('11-'14/400만불)...,2011,2014,https://www.oda.go.kr/opo/bsin/bsnsSumryDocDetail.do?P_BSNS_NO=2011-00043
2011-00041,몽골 울란바타르시 지역난방 및 용수공급시스템 개선 2차사업('11-'13...,2011,2013,https://www.oda.go.kr/opo/bsin/bsnsSumryDocDetail.do?P_BSNS_NO=2011-00041
2011-00039,우즈베키스탄 도시계획 지리정보 훈련센터 지원사업('11-'13/150만불...,2011,2013,https://www.oda.go.kr/opo/bsin/bsnsSumryDocDetail.do?P_BSNS_NO=2011-00039
2011-00031,몽골 국가등록제도 완비사업('11-'12/400만불)...,2011,2012,https://www.oda.go.kr/opo/bsin/bsnsSumryDocDetail.do?P_BSNS_NO=2011-00031
2011-00030,몽골 울란바타르시 토지정보통합시스템 구축사업('11-'13/270만불)...,2011,2013,https://www.oda.go.kr/opo/bsin/bsnsSumryDocDetail.do?P_BSNS_NO=2011-00030
2011-00029,우즈베키스탄 타슈켄트 2개 대학 전자도서관 구축사업('11-'13/250...,2011,2013,https://www.oda.go.kr/opo/bsin/bsnsSumryDocDetail.do?P_BSNS_NO=2011-00029
2011-00024,우간다 직업훈련원 건립사업('11-'18/579만불)...,2011,2018,https://www.oda.go.kr/opo/bsin/bsnsSumryDocDetail.do?P_BSNS_NO=2011-00024
2011-00023,에티오피아 아드와시 중학교 건립사업('11-'17/420만불)...,2011,2017,https://www.oda.go.kr/opo/bsin/bsnsSumryDocDetail.do?P_BSNS_NO=2011-00023
2011-00012,과테말라 웨웨떼낭고주 식수공급 확대사업('11-'17/163만불)...,2011,2017,https://www.oda.go.kr/opo/bsin/bsnsSumryDocDetail.do?P_BSNS_NO=2011-00012
2011-00011,과테말라 웨웨떼낭고주 국립병원 모자보건 역량강화사업('11-'18/510...,2011,2018,https://www.oda.go.kr/opo/bsin/bsnsSumryDocDetail.do?P_BSNS_NO=2011-00011
2010-00065,몽골 광해 실태조사 및 광해정보화 구축사업('10-'13/300만불)...,2010,2013,https://www.oda.go.kr/opo/bsin/bsnsSumryDocDetail.do?P_BSNS_NO=2010-00065
2010-00020,몽골 한몽 기술대학교 역량강화사업('10-'16/576만불)...,2010,2016,https://www.oda.go.kr/opo/bsin/bsnsSumryDocDetail.do?P_BSNS_NO=2010-00020
2010-00010,볼리비아 오루로 보건의료시스템 향상 및 의료인력 역량강화사업('10-'1...,2010,2017,https://www.oda.go.kr/opo/bsin/bsnsSumryDocDetail.do?P_BSNS_NO=2010-00010
2009-00010,볼리비아 과라요스지역 상수도시설 구축사업('09-'14/458만불)...,2009,2014,https://www.oda.go.kr/opo/bsin/bsnsSumryDocDetail.do?P_BSNS_NO=2009-00010
2008-00040,파라과이 아순시온시 취약아동 청소년 재활훈련원 건립사업('08-'10/1...,2008,2010,https://www.oda.go.kr/opo/bsin/bsnsSumryDocDetail.do?P_BSNS_NO=2008-00040
2007-00015,"콜롬비아 한-콜롬비아 우호재활센터 건립사업('07-'16/1,150만불)...",2007,2016,https://www.oda.go.kr/opo/bsin/bsnsSumryDocDetail.do?P_BSNS_NO=2007-00015
